0.009166666666666667, 0.1
0.018333333333333333, 0.2
0.0275, 0.3
0.03666666666666667, 0.4
0.04583333333333334, 0.5
0.05500000000000001, 0.6
0.06416666666666668, 0.70000005
0.07333333333333335, 0.8000001
0.08250000000000002, 0.9000001
0.09166666666666669, 1.0000001
0.10083333333333336, 1.1000001
0.11000000000000003, 1.2000002
0.1191666666666667, 1.3000002
0.12833333333333335, 1.4000002
0.1375, 1.5000002
0.14666666666666667, 1.6000003
0.15583333333333332, 1.7000003
0.16499999999999998, 1.8000003
0.17416666666666664, 1.9000003
0.1833333333333333, 2.0000002
0.19249999999999995, 2.1000001
0.2016666666666666, 2.2
0.21083333333333326, 2.3
0.21999999999999992, 2.3999999
0.22916666666666657, 2.4999998
0.23833333333333323, 2.5999997
0.2474999999999999, 2.6999996
0.25666666666666654, 2.7999995
0.2658333333333332, 2.8999994
0.27499999999999986, 2.9999993
0.2841666666666665, 3.0999992
0.29333333333333317, 3.199999
0.3024999999999998, 3.299999
0.3116666666666665, 3.399999
0.32083333333333314, 3.4999988
0.3299999999999998, 3.5999987
0.33916666666666645, 3.6999986
0.3483333333333331, 3.7999985
0.35749999999999976, 3.8999984
0.3666666666666664, 3.9999983
0.3758333333333331, 4.0999985
0.38499999999999973, 4.1999984
0.3941666666666664, 4.2999983
0.40333333333333304, 4.399998
0.4124999999999997, 4.499998
0.42166666666666636, 4.599998
0.430833333333333, 4.699998
0.43999999999999967, 4.799998
0.4491666666666663, 4.8999977
0.458333333333333, 4.9999976
0.46749999999999964, 5.0999975
0.4766666666666663, 5.1999974
0.48583333333333295, 5.2999973
0.4949999999999996, 5.399997
0.5041666666666663, 5.499997
0.513333333333333, 5.399997
0.5224999999999996, 5.2999973
0.5316666666666663, 5.1999974
0.5408333333333329, 5.0999975
0.5499999999999996, 4.9999976
0.5591666666666663, 4.8999977
0.5683333333333329, 4.799998
0.5774999999999996, 4.699998
0.5866666666666662, 4.599998
0.5958333333333329, 4.499998
0.6049999999999995, 4.399998
0.6141666666666662, 4.2999983
0.6233333333333329, 4.1999984
0.6324999999999995, 4.0999985
0.6416666666666662, 3.9999986
0.6508333333333328, 3.8999987
0.6599999999999995, 3.7999988
0.6691666666666661, 3.6999989
0.6783333333333328, 3.599999
0.6874999999999994, 3.499999
0.6966666666666661, 3.3999991
0.7058333333333328, 3.2999992
0.7149999999999994, 3.1999993
0.7241666666666661, 3.0999994
0.7333333333333327, 2.9999995
0.7424999999999994, 2.8999996
0.751666666666666, 2.7999997
0.7608333333333327, 2.6999998
0.7699999999999994, 2.6
0.779166666666666, 2.5
0.7883333333333327, 2.4
0.7974999999999993, 2.3000002
0.806666666666666, 2.2000003
0.8158333333333326, 2.1000004
0.8249999999999993, 2.0000005
0.834166666666666, 1.9000005
0.8433333333333326, 1.8000004
0.8524999999999993, 1.7000004
0.8616666666666659, 1.6000004
0.8708333333333326, 1.5000004
0.8799999999999992, 1.4000003
0.8891666666666659, 1.3000003
0.8983333333333325, 1.2000003
0.9074999999999992, 1.1000003
0.9166666666666659, 1.0000002
0.9258333333333325, 0.9000002
0.9349999999999992, 0.8000002
0.9441666666666658, 0.70000017
0.9533333333333325, 0.60000014
0.9624999999999991, 0.5000001
0.9716666666666658, 0.40000013
0.9808333333333324, 0.30000013
0.9899999999999991, 0.20000014
0.9991666666666658, 0.100000136
1.0083333333333324, 0.00000013411045
0.009166666666666667, -0.09999987
0.018333333333333333, 0.00000013411045
0.0275, 0.100000136
0.03666666666666667, 0.20000014
0.04583333333333334, 0.30000013
0.05500000000000001, 0.40000013
0.06416666666666668, 0.5000001
0.07333333333333335, 0.60000014
0.08250000000000002, 0.70000017
0.09166666666666669, 0.8000002
0.10083333333333336, 0.9000002
0.11000000000000003, 1.0000002
0.1191666666666667, 1.1000003
0.12833333333333335, 1.2000003
0.1375, 1.3000003
0.14666666666666667, 1.4000003
0.15583333333333332, 1.5000004
0.16499999999999998, 1.6000004
0.17416666666666664, 1.7000004
0.1833333333333333, 1.8000004
0.19249999999999995, 1.9000005
0.2016666666666666, 2.0000005
0.21083333333333326, 2.1000004
0.21999999999999992, 2.2000003
0.22916666666666657, 2.3000002
0.23833333333333323, 2.4
0.2474999999999999, 2.5
0.25666666666666654, 2.6
0.2658333333333332, 2.6999998
0.27499999999999986, 2.7999997
0.2841666666666665, 2.8999996
0.29333333333333317, 2.9999995
0.3024999999999998, 3.0999994
0.3116666666666665, 3.1999993
0.32083333333333314, 3.2999992
0.3299999999999998, 3.3999991
0.33916666666666645, 3.499999
0.3483333333333331, 3.599999
0.35749999999999976, 3.6999989
0.3666666666666664, 3.7999988
0.3758333333333331, 3.8999987
0.38499999999999973, 3.9999986
0.3941666666666664, 4.0999985
0.40333333333333304, 4.1999984
0.4124999999999997, 4.2999983
0.42166666666666636, 4.399998
0.430833333333333, 4.499998
0.43999999999999967, 4.599998
0.4491666666666663, 4.699998
0.458333333333333, 4.799998
0.46749999999999964, 4.8999977
0.4766666666666663, 4.9999976
0.48583333333333295, 5.0999975
0.4949999999999996, 5.1999974
0.5041666666666663, 5.2999973
0.513333333333333, 5.1999974
0.5224999999999996, 5.0999975
0.5316666666666663, 4.9999976
0.5408333333333329, 4.8999977
0.5499999999999996, 4.799998
0.5591666666666663, 4.699998
0.5683333333333329, 4.599998
0.5774999999999996, 4.499998
0.5866666666666662, 4.399998
0.5958333333333329, 4.2999983
0.6049999999999995, 4.1999984
0.6141666666666662, 4.0999985
0.6233333333333329, 3.9999986
0.6324999999999995, 3.8999987
0.6416666666666662, 3.7999988
0.6508333333333328, 3.6999989
0.6599999999999995, 3.599999
0.6691666666666661, 3.499999
0.6783333333333328, 3.3999991
0.6874999999999994, 3.2999992
0.6966666666666661, 3.1999993
0.7058333333333328, 3.0999994
0.7149999999999994, 2.9999995
0.7241666666666661, 2.8999996
0.7333333333333327, 2.7999997
0.7424999999999994, 2.6999998
0.751666666666666, 2.6
0.7608333333333327, 2.5
0.7699999999999994, 2.4
0.779166666666666, 2.3000002
0.7883333333333327, 2.2000003
0.7974999999999993, 2.1000004
0.806666666666666, 2.0000005
0.8158333333333326, 1.9000005
0.8249999999999993, 1.8000004
0.834166666666666, 1.7000004
0.8433333333333326, 1.6000004
0.8524999999999993, 1.5000004
0.8616666666666659, 1.4000003
0.8708333333333326, 1.3000003
0.8799999999999992, 1.2000003
0.8891666666666659, 1.1000003
0.8983333333333325, 1.0000002
0.9074999999999992, 0.9000002
0.9166666666666659, 0.8000002
0.9258333333333325, 0.70000017
0.9349999999999992, 0.60000014
0.9441666666666658, 0.5000001
0.9533333333333325, 0.40000013
0.9624999999999991, 0.30000013
0.9716666666666658, 0.20000014
0.9808333333333324, 0.100000136
0.9899999999999991, 0.00000013411045
0.9991666666666658, -0.09999987
1.0083333333333324, -0.19999987
0.009166666666666667, -0.29999986
0.018333333333333333, -0.19999987
0.0275, -0.09999987
0.03666666666666667, 0.00000013411045
0.04583333333333334, 0.100000136
0.05500000000000001, 0.20000014
0.06416666666666668, 0.30000013
0.07333333333333335, 0.40000013
0.08250000000000002, 0.5000001
0.09166666666666669, 0.60000014
0.10083333333333336, 0.70000017
0.11000000000000003, 0.8000002
0.1191666666666667, 0.9000002
0.12833333333333335, 1.0000002
0.1375, 1.1000003
0.14666666666666667, 1.2000003
0.15583333333333332, 1.3000003
0.16499999999999998, 1.4000003
0.17416666666666664, 1.5000004
0.1833333333333333, 1.6000004
0.19249999999999995, 1.7000004
0.2016666666666666, 1.8000004
0.21083333333333326, 1.9000005
0.21999999999999992, 2.0000005
0.22916666666666657, 2.1000004
0.23833333333333323, 2.2000003
0.2474999999999999, 2.3000002
0.25666666666666654, 2.4
0.2658333333333332, 2.5
0.27499999999999986, 2.6
0.2841666666666665, 2.6999998
0.29333333333333317, 2.7999997
0.3024999999999998, 2.8999996
0.3116666666666665, 2.9999995
0.32083333333333314, 3.0999994
0.3299999999999998, 3.1999993
0.33916666666666645, 3.2999992
0.3483333333333331, 3.3999991
0.35749999999999976, 3.499999
0.3666666666666664, 3.599999
0.3758333333333331, 3.6999989
0.38499999999999973, 3.7999988
0.3941666666666664, 3.8999987
0.40333333333333304, 3.9999986
0.4124999999999997, 4.0999985
0.42166666666666636, 4.1999984
0.430833333333333, 4.2999983
0.43999999999999967, 4.399998
0.4491666666666663, 4.499998
0.458333333333333, 4.599998
0.46749999999999964, 4.699998
0.4766666666666663, 4.799998
0.48583333333333295, 4.8999977
0.4949999999999996, 4.9999976
0.5041666666666663, 5.0999975
0.513333333333333, 4.9999976
0.5224999999999996, 4.8999977
0.5316666666666663, 4.799998
0.5408333333333329, 4.699998
0.5499999999999996, 4.599998
0.5591666666666663, 4.499998
0.5683333333333329, 4.399998
0.5774999999999996, 4.2999983
0.5866666666666662, 4.1999984
0.5958333333333329, 4.0999985
0.6049999999999995, 3.9999986
0.6141666666666662, 3.8999987
0.6233333333333329, 3.7999988
0.6324999999999995, 3.6999989
0.6416666666666662, 3.599999
0.6508333333333328, 3.499999
0.6599999999999995, 3.3999991
0.6691666666666661, 3.2999992
0.6783333333333328, 3.1999993
0.6874999999999994, 3.0999994
0.6966666666666661, 2.9999995
0.7058333333333328, 2.8999996
0.7149999999999994, 2.7999997
0.7241666666666661, 2.6999998
0.7333333333333327, 2.6
0.7424999999999994, 2.5
0.751666666666666, 2.4
0.7608333333333327, 2.3000002
0.7699999999999994, 2.2000003
0.779166666666666, 2.1000004
0.7883333333333327, 2.0000005
0.7974999999999993, 1.9000005
0.806666666666666, 1.8000004
0.8158333333333326, 1.7000004
0.8249999999999993, 1.6000004
0.834166666666666, 1.5000004
0.8433333333333326, 1.4000003
0.8524999999999993, 1.3000003
0.8616666666666659, 1.2000003
0.8708333333333326, 1.1000003
0.8799999999999992, 1.0000002
0.8891666666666659, 0.9000002
0.8983333333333325, 0.8000002
0.9074999999999992, 0.70000017
0.9166666666666659, 0.60000014
0.9258333333333325, 0.5000001
0.9349999999999992, 0.40000013
0.9441666666666658, 0.30000013
0.9533333333333325, 0.20000014
0.9624999999999991, 0.100000136
0.9716666666666658, 0.00000013411045
0.9808333333333324, -0.09999987
0.9899999999999991, -0.19999987
0.9991666666666658, -0.29999986
1.0083333333333324, -0.39999986
0.009166666666666667, -0.49999985
0.018333333333333333, -0.39999986
0.0275, -0.29999986
0.03666666666666667, -0.19999987
0.04583333333333334, -0.09999987
0.05500000000000001, 0.00000013411045
0.06416666666666668, 0.100000136
0.07333333333333335, 0.20000014
0.08250000000000002, 0.30000013
0.09166666666666669, 0.40000013
0.10083333333333336, 0.5000001
0.11000000000000003, 0.60000014
0.1191666666666667, 0.70000017
0.12833333333333335, 0.8000002
0.1375, 0.9000002
0.14666666666666667, 1.0000002
0.15583333333333332, 1.1000003
0.16499999999999998, 1.2000003
0.17416666666666664, 1.3000003
0.1833333333333333, 1.4000003
0.19249999999999995, 1.5000004
0.2016666666666666, 1.6000004
0.21083333333333326, 1.7000004
0.21999999999999992, 1.8000004
0.22916666666666657, 1.9000005
0.23833333333333323, 2.0000005
0.2474999999999999, 2.1000004
0.25666666666666654, 2.2000003
0.2658333333333332, 2.3000002
0.27499999999999986, 2.4
0.2841666666666665, 2.5
0.29333333333333317, 2.6
0.3024999999999998, 2.6999998
0.3116666666666665, 2.7999997
0.32083333333333314, 2.8999996
0.3299999999999998, 2.9999995
0.33916666666666645, 3.0999994
0.3483333333333331, 3.1999993
0.35749999999999976, 3.2999992
0.3666666666666664, 3.3999991
0.3758333333333331, 3.499999
0.38499999999999973, 3.599999
0.3941666666666664, 3.6999989
0.40333333333333304, 3.7999988
0.4124999999999997, 3.8999987
0.42166666666666636, 3.9999986
0.430833333333333, 4.0999985
0.43999999999999967, 4.1999984
0.4491666666666663, 4.2999983
0.458333333333333, 4.399998
0.46749999999999964, 4.499998
0.4766666666666663, 4.599998
0.48583333333333295, 4.699998
0.4949999999999996, 4.799998
0.5041666666666663, 4.8999977
0.513333333333333, 4.799998
0.5224999999999996, 4.699998
0.5316666666666663, 4.599998
0.5408333333333329, 4.499998
0.5499999999999996, 4.399998
0.5591666666666663, 4.2999983
0.5683333333333329, 4.1999984
0.5774999999999996, 4.0999985
0.5866666666666662, 3.9999986
0.5958333333333329, 3.8999987
0.6049999999999995, 3.7999988
0.6141666666666662, 3.6999989
0.6233333333333329, 3.599999
0.6324999999999995, 3.499999
0.6416666666666662, 3.3999991
0.6508333333333328, 3.2999992
0.6599999999999995, 3.1999993
0.6691666666666661, 3.0999994
0.6783333333333328, 2.9999995
0.6874999999999994, 2.8999996
0.6966666666666661, 2.7999997
0.7058333333333328, 2.6999998
0.7149999999999994, 2.6
0.7241666666666661, 2.5
0.7333333333333327, 2.4
0.7424999999999994, 2.3000002
0.751666666666666, 2.2000003
0.7608333333333327, 2.1000004
0.7699999999999994, 2.0000005
0.779166666666666, 1.9000005
0.7883333333333327, 1.8000004
0.7974999999999993, 1.7000004
0.806666666666666, 1.6000004
0.8158333333333326, 1.5000004
0.8249999999999993, 1.4000003
0.834166666666666, 1.3000003
0.8433333333333326, 1.2000003
0.8524999999999993, 1.1000003
0.8616666666666659, 1.0000002
0.8708333333333326, 0.9000002
0.8799999999999992, 0.8000002
0.8891666666666659, 0.70000017
0.8983333333333325, 0.60000014
0.9074999999999992, 0.5000001
0.9166666666666659, 0.40000013
0.9258333333333325, 0.30000013
0.9349999999999992, 0.20000014
0.9441666666666658, 0.100000136
0.9533333333333325, 0.00000013411045
0.9624999999999991, -0.09999987
0.9716666666666658, -0.19999987
0.9808333333333324, -0.29999986
0.9899999999999991, -0.39999986
0.9991666666666658, -0.49999985
1.0083333333333324, -0.59999985
0.009166666666666667, -0.69999987
0.018333333333333333, -0.59999985
0.0275, -0.49999985
0.03666666666666667, -0.39999986
0.04583333333333334, -0.29999986
0.05500000000000001, -0.19999987
0.06416666666666668, -0.09999987
0.07333333333333335, 0.00000013411045
0.08250000000000002, 0.100000136
0.09166666666666669, 0.20000014
0.10083333333333336, 0.30000013
0.11000000000000003, 0.40000013
0.1191666666666667, 0.5000001
0.12833333333333335, 0.60000014
0.1375, 0.70000017
0.14666666666666667, 0.8000002
0.15583333333333332, 0.9000002
0.16499999999999998, 1.0000002
0.17416666666666664, 1.1000003
0.1833333333333333, 1.2000003
0.19249999999999995, 1.3000003
0.2016666666666666, 1.4000003
0.21083333333333326, 1.5000004
0.21999999999999992, 1.6000004
0.22916666666666657, 1.7000004
0.23833333333333323, 1.8000004
0.2474999999999999, 1.9000005
0.25666666666666654, 2.0000005
0.2658333333333332, 2.1000004
0.27499999999999986, 2.2000003
0.2841666666666665, 2.3000002
0.29333333333333317, 2.4
0.3024999999999998, 2.5
0.3116666666666665, 2.6
0.32083333333333314, 2.6999998
0.3299999999999998, 2.7999997
0.33916666666666645, 2.8999996
0.3483333333333331, 2.9999995
0.35749999999999976, 3.0999994
0.3666666666666664, 3.1999993
0.3758333333333331, 3.2999992
0.38499999999999973, 3.3999991
0.3941666666666664, 3.499999
0.40333333333333304, 3.599999
0.4124999999999997, 3.6999989
0.42166666666666636, 3.7999988
0.430833333333333, 3.8999987
0.43999999999999967, 3.9999986
0.4491666666666663, 4.0999985
0.458333333333333, 4.1999984
0.46749999999999964, 4.2999983
0.4766666666666663, 4.399998
0.48583333333333295, 4.499998
0.4949999999999996, 4.599998
0.5041666666666663, 4.699998
0.513333333333333, 4.599998
0.5224999999999996, 4.499998
0.5316666666666663, 4.399998
0.5408333333333329, 4.2999983
0.5499999999999996, 4.1999984
0.5591666666666663, 4.0999985
0.5683333333333329, 3.9999986
0.5774999999999996, 3.8999987
0.5866666666666662, 3.7999988
0.5958333333333329, 3.6999989
0.6049999999999995, 3.599999
0.6141666666666662, 3.499999
0.6233333333333329, 3.3999991
0.6324999999999995, 3.2999992
0.6416666666666662, 3.1999993
0.6508333333333328, 3.0999994
0.6599999999999995, 2.9999995
0.6691666666666661, 2.8999996
0.6783333333333328, 2.7999997
0.6874999999999994, 2.6999998
0.6966666666666661, 2.6
0.7058333333333328, 2.5
0.7149999999999994, 2.4
0.7241666666666661, 2.3000002
0.7333333333333327, 2.2000003
0.7424999999999994, 2.1000004
0.751666666666666, 2.0000005
0.7608333333333327, 1.9000005
0.7699999999999994, 1.8000004
0.779166666666666, 1.7000004
0.7883333333333327, 1.6000004
0.7974999999999993, 1.5000004
0.806666666666666, 1.4000003
0.8158333333333326, 1.3000003
0.8249999999999993, 1.2000003
0.834166666666666, 1.1000003
0.8433333333333326, 1.0000002
0.8524999999999993, 0.9000002
0.8616666666666659, 0.8000002
0.8708333333333326, 0.70000017
0.8799999999999992, 0.60000014
0.8891666666666659, 0.5000001
0.8983333333333325, 0.40000013
0.9074999999999992, 0.30000013
0.9166666666666659, 0.20000014
0.9258333333333325, 0.100000136
0.9349999999999992, 0.00000013411045
0.9441666666666658, -0.09999987
0.9533333333333325, -0.19999987
0.9624999999999991, -0.29999986
0.9716666666666658, -0.39999986
0.9808333333333324, -0.49999985
0.9899999999999991, -0.59999985
0.9991666666666658, -0.69999987
1.0083333333333324, -0.7999999
0.009166666666666667, -0.8999999
0.018333333333333333, -0.7999999
0.0275, -0.69999987
0.03666666666666667, -0.59999985
0.04583333333333334, -0.49999985
0.05500000000000001, -0.39999986
0.06416666666666668, -0.29999986
0.07333333333333335, -0.19999987
0.08250000000000002, -0.09999987
0.09166666666666669, 0.00000013411045
0.10083333333333336, 0.100000136
0.11000000000000003, 0.20000014
0.1191666666666667, 0.30000013
0.12833333333333335, 0.40000013
0.1375, 0.5000001
0.14666666666666667, 0.60000014
0.15583333333333332, 0.70000017
0.16499999999999998, 0.8000002
0.17416666666666664, 0.9000002
0.1833333333333333, 1.0000002
0.19249999999999995, 1.1000003
0.2016666666666666, 1.2000003
0.21083333333333326, 1.3000003
0.21999999999999992, 1.4000003
0.22916666666666657, 1.5000004
0.23833333333333323, 1.6000004
0.2474999999999999, 1.7000004
0.25666666666666654, 1.8000004
0.2658333333333332, 1.9000005
0.27499999999999986, 2.0000005
0.2841666666666665, 2.1000004
0.29333333333333317, 2.2000003
0.3024999999999998, 2.3000002
0.3116666666666665, 2.4
0.32083333333333314, 2.5
0.3299999999999998, 2.6
0.33916666666666645, 2.6999998
0.3483333333333331, 2.7999997
0.35749999999999976, 2.8999996
0.3666666666666664, 2.9999995
0.3758333333333331, 3.0999994
0.38499999999999973, 3.1999993
0.3941666666666664, 3.2999992
0.40333333333333304, 3.3999991
0.4124999999999997, 3.499999
0.42166666666666636, 3.599999
0.430833333333333, 3.6999989
0.43999999999999967, 3.7999988
0.4491666666666663, 3.8999987
0.458333333333333, 3.9999986
0.46749999999999964, 4.0999985
0.4766666666666663, 4.1999984
0.48583333333333295, 4.2999983
0.4949999999999996, 4.399998
0.5041666666666663, 4.499998
0.513333333333333, 4.399998
0.5224999999999996, 4.2999983
0.5316666666666663, 4.1999984
0.5408333333333329, 4.0999985
0.5499999999999996, 3.9999986
0.5591666666666663, 3.8999987
0.5683333333333329, 3.7999988
0.5774999999999996, 3.6999989
0.5866666666666662, 3.599999
0.5958333333333329, 3.499999
0.6049999999999995, 3.3999991
0.6141666666666662, 3.2999992
0.6233333333333329, 3.1999993
0.6324999999999995, 3.0999994
0.6416666666666662, 2.9999995
0.6508333333333328, 2.8999996
0.6599999999999995, 2.7999997
0.6691666666666661, 2.6999998
0.6783333333333328, 2.6
0.6874999999999994, 2.5
0.6966666666666661, 2.4
0.7058333333333328, 2.3000002
0.7149999999999994, 2.2000003
0.7241666666666661, 2.1000004
0.7333333333333327, 2.0000005
0.7424999999999994, 1.9000005
0.751666666666666, 1.8000004
0.7608333333333327, 1.7000004
0.7699999999999994, 1.6000004
0.779166666666666, 1.5000004
0.7883333333333327, 1.4000003
0.7974999999999993, 1.3000003
0.806666666666666, 1.2000003
0.8158333333333326, 1.1000003
0.8249999999999993, 1.0000002
0.834166666666666, 0.9000002
0.8433333333333326, 0.8000002
0.8524999999999993, 0.70000017
0.8616666666666659, 0.60000014
0.8708333333333326, 0.5000001
0.8799999999999992, 0.40000013
0.8891666666666659, 0.30000013
0.8983333333333325, 0.20000014
0.9074999999999992, 0.100000136
0.9166666666666659, 0.00000013411045
0.9258333333333325, -0.09999987
0.9349999999999992, -0.19999987
0.9441666666666658, -0.29999986
0.9533333333333325, -0.39999986
0.9624999999999991, -0.49999985
0.9716666666666658, -0.59999985
0.9808333333333324, -0.69999987
0.9899999999999991, -0.7999999
0.9991666666666658, -0.8999999
1.0083333333333324, -0.99999994
0.009166666666666667, -1.0999999
0.018333333333333333, -0.9999999
0.0275, -0.89999986
0.03666666666666667, -0.79999983
0.04583333333333334, -0.6999998
0.05500000000000001, -0.5999998
0.06416666666666668, -0.4999998
0.07333333333333335, -0.3999998
0.08250000000000002, -0.2999998
0.09166666666666669, -0.19999981
0.10083333333333336, -0.09999981
0.11000000000000003, 0.0000001937151
0.1191666666666667, 0.100000195
0.12833333333333335, 0.2000002
0.1375, 0.3000002
0.14666666666666667, 0.40000018
0.15583333333333332, 0.5000002
0.16499999999999998, 0.6000002
0.17416666666666664, 0.7000002
0.1833333333333333, 0.80000025
0.19249999999999995, 0.9000003
0.2016666666666666, 1.0000002
0.21083333333333326, 1.1000003
0.21999999999999992, 1.2000003
0.22916666666666657, 1.3000003
0.23833333333333323, 1.4000003
0.2474999999999999, 1.5000004
0.25666666666666654, 1.6000004
0.2658333333333332, 1.7000004
0.27499999999999986, 1.8000004
0.2841666666666665, 1.9000005
0.29333333333333317, 2.0000005
0.3024999999999998, 2.1000004
0.3116666666666665, 2.2000003
0.32083333333333314, 2.3000002
0.3299999999999998, 2.4
0.33916666666666645, 2.5
0.3483333333333331, 2.6
0.35749999999999976, 2.6999998
0.3666666666666664, 2.7999997
0.3758333333333331, 2.8999996
0.38499999999999973, 2.9999995
0.3941666666666664, 3.0999994
0.40333333333333304, 3.1999993
0.4124999999999997, 3.2999992
0.42166666666666636, 3.3999991
0.430833333333333, 3.499999
0.43999999999999967, 3.599999
0.4491666666666663, 3.6999989
0.458333333333333, 3.7999988
0.46749999999999964, 3.8999987
0.4766666666666663, 3.9999986
0.48583333333333295, 4.0999985
0.4949999999999996, 4.1999984
0.5041666666666663, 4.2999983
0.513333333333333, 4.1999984
0.5224999999999996, 4.0999985
0.5316666666666663, 3.9999986
0.5408333333333329, 3.8999987
0.5499999999999996, 3.7999988
0.5591666666666663, 3.6999989
0.5683333333333329, 3.599999
0.5774999999999996, 3.499999
0.5866666666666662, 3.3999991
0.5958333333333329, 3.2999992
0.6049999999999995, 3.1999993
0.6141666666666662, 3.0999994
0.6233333333333329, 2.9999995
0.6324999999999995, 2.8999996
0.6416666666666662, 2.7999997
0.6508333333333328, 2.6999998
0.6599999999999995, 2.6
0.6691666666666661, 2.5
0.6783333333333328, 2.4
0.6874999999999994, 2.3000002
0.6966666666666661, 2.2000003
0.7058333333333328, 2.1000004
0.7149999999999994, 2.0000005
0.7241666666666661, 1.9000005
0.7333333333333327, 1.8000004
0.7424999999999994, 1.7000004
0.751666666666666, 1.6000004
0.7608333333333327, 1.5000004
0.7699999999999994, 1.4000003
0.779166666666666, 1.3000003
0.7883333333333327, 1.2000003
0.7974999999999993, 1.1000003
0.806666666666666, 1.0000002
0.8158333333333326, 0.9000002
0.8249999999999993, 0.8000002
0.834166666666666, 0.70000017
0.8433333333333326, 0.60000014
0.8524999999999993, 0.5000001
0.8616666666666659, 0.40000013
0.8708333333333326, 0.30000013
0.8799999999999992, 0.20000014
0.8891666666666659, 0.100000136
0.8983333333333325, 0.00000013411045
0.9074999999999992, -0.09999987
0.9166666666666659, -0.19999987
0.9258333333333325, -0.29999986
0.9349999999999992, -0.39999986
0.9441666666666658, -0.49999985
0.9533333333333325, -0.59999985
0.9624999999999991, -0.69999987
0.9716666666666658, -0.7999999
0.9808333333333324, -0.8999999
0.9899999999999991, -0.99999994
0.9991666666666658, -1.0999999
1.0083333333333324, -1.1999999
0.009166666666666667, -1.3
0.018333333333333333, -1.1999999
0.0275, -1.0999999
0.03666666666666667, -0.9999999
0.04583333333333334, -0.89999986
0.05500000000000001, -0.79999983
0.06416666666666668, -0.6999998
0.07333333333333335, -0.5999998
0.08250000000000002, -0.4999998
0.09166666666666669, -0.3999998
0.10083333333333336, -0.2999998
0.11000000000000003, -0.19999981
0.1191666666666667, -0.09999981
0.12833333333333335, 0.0000001937151
0.1375, 0.100000195
0.14666666666666667, 0.2000002
0.15583333333333332, 0.3000002
0.16499999999999998, 0.40000018
0.17416666666666664, 0.5000002
0.1833333333333333, 0.6000002
0.19249999999999995, 0.7000002
0.2016666666666666, 0.80000025
0.21083333333333326, 0.9000003
0.21999999999999992, 1.0000002
0.22916666666666657, 1.1000003
0.23833333333333323, 1.2000003
0.2474999999999999, 1.3000003
0.25666666666666654, 1.4000003
0.2658333333333332, 1.5000004
0.27499999999999986, 1.6000004
0.2841666666666665, 1.7000004
0.29333333333333317, 1.8000004
0.3024999999999998, 1.9000005
0.3116666666666665, 2.0000005
0.32083333333333314, 2.1000004
0.3299999999999998, 2.2000003
0.33916666666666645, 2.3000002
0.3483333333333331, 2.4
0.35749999999999976, 2.5
0.3666666666666664, 2.6
0.3758333333333331, 2.6999998
0.38499999999999973, 2.7999997
0.3941666666666664, 2.8999996
0.40333333333333304, 2.9999995
0.4124999999999997, 3.0999994
0.42166666666666636, 3.1999993
0.430833333333333, 3.2999992
0.43999999999999967, 3.3999991
0.4491666666666663, 3.499999
0.458333333333333, 3.599999
0.46749999999999964, 3.6999989
0.4766666666666663, 3.7999988
0.48583333333333295, 3.8999987
0.4949999999999996, 3.9999986
0.5041666666666663, 4.0999985
0.513333333333333, 3.9999986
0.5224999999999996, 3.8999987
0.5316666666666663, 3.7999988
0.5408333333333329, 3.6999989
0.5499999999999996, 3.599999
0.5591666666666663, 3.499999
0.5683333333333329, 3.3999991
0.5774999999999996, 3.2999992
0.5866666666666662, 3.1999993
0.5958333333333329, 3.0999994
0.6049999999999995, 2.9999995
0.6141666666666662, 2.8999996
0.6233333333333329, 2.7999997
0.6324999999999995, 2.6999998
0.6416666666666662, 2.6
0.6508333333333328, 2.5
0.6599999999999995, 2.4
0.6691666666666661, 2.3000002
0.6783333333333328, 2.2000003
0.6874999999999994, 2.1000004
0.6966666666666661, 2.0000005
0.7058333333333328, 1.9000005
0.7149999999999994, 1.8000004
0.7241666666666661, 1.7000004
0.7333333333333327, 1.6000004
0.7424999999999994, 1.5000004
0.751666666666666, 1.4000003
0.7608333333333327, 1.3000003
0.7699999999999994, 1.2000003
0.779166666666666, 1.1000003
0.7883333333333327, 1.0000002
0.7974999999999993, 0.9000002
0.806666666666666, 0.8000002
0.8158333333333326, 0.70000017
0.8249999999999993, 0.60000014
0.834166666666666, 0.5000001
0.8433333333333326, 0.40000013
0.8524999999999993, 0.30000013
0.8616666666666659, 0.20000014
0.8708333333333326, 0.100000136
0.8799999999999992, 0.00000013411045
0.8891666666666659, -0.09999987
0.8983333333333325, -0.19999987
0.9074999999999992, -0.29999986
0.9166666666666659, -0.39999986
0.9258333333333325, -0.49999985
0.9349999999999992, -0.59999985
0.9441666666666658, -0.69999987
0.9533333333333325, -0.7999999
0.9624999999999991, -0.8999999
0.9716666666666658, -0.99999994
0.9808333333333324, -1.0999999
0.9899999999999991, -1.1999999
0.9991666666666658, -1.3
1.0083333333333324, -1.4
0.009166666666666667, -1.5
0.018333333333333333, -1.4
0.0275, -1.3
0.03666666666666667, -1.1999999
0.04583333333333334, -1.0999999
0.05500000000000001, -0.9999999
0.06416666666666668, -0.89999986
0.07333333333333335, -0.79999983
0.08250000000000002, -0.6999998
0.09166666666666669, -0.5999998
0.10083333333333336, -0.4999998
0.11000000000000003, -0.3999998
0.1191666666666667, -0.2999998
0.12833333333333335, -0.19999981
0.1375, -0.09999981
0.14666666666666667, 0.0000001937151
0.15583333333333332, 0.100000195
0.16499999999999998, 0.2000002
0.17416666666666664, 0.3000002
0.1833333333333333, 0.40000018
0.19249999999999995, 0.5000002
0.2016666666666666, 0.6000002
0.21083333333333326, 0.7000002
0.21999999999999992, 0.80000025
0.22916666666666657, 0.9000003
0.23833333333333323, 1.0000002
0.2474999999999999, 1.1000003
0.25666666666666654, 1.2000003
0.2658333333333332, 1.3000003
0.27499999999999986, 1.4000003
0.2841666666666665, 1.5000004
0.29333333333333317, 1.6000004
0.3024999999999998, 1.7000004
0.3116666666666665, 1.8000004
0.32083333333333314, 1.9000005
0.3299999999999998, 2.0000005
0.33916666666666645, 2.1000004
0.3483333333333331, 2.2000003
0.35749999999999976, 2.3000002
0.3666666666666664, 2.4
0.3758333333333331, 2.5
0.38499999999999973, 2.6
0.3941666666666664, 2.6999998
0.40333333333333304, 2.7999997
0.4124999999999997, 2.8999996
0.42166666666666636, 2.9999995
0.430833333333333, 3.0999994
0.43999999999999967, 3.1999993
0.4491666666666663, 3.2999992
0.458333333333333, 3.3999991
0.46749999999999964, 3.499999
0.4766666666666663, 3.599999
0.48583333333333295, 3.6999989
0.4949999999999996, 3.7999988
0.5041666666666663, 3.8999987
0.513333333333333, 3.7999988
0.5224999999999996, 3.6999989
0.5316666666666663, 3.599999
0.5408333333333329, 3.499999
0.5499999999999996, 3.3999991
0.5591666666666663, 3.2999992
0.5683333333333329, 3.1999993
0.5774999999999996, 3.0999994
0.5866666666666662, 2.9999995
0.5958333333333329, 2.8999996
0.6049999999999995, 2.7999997
0.6141666666666662, 2.6999998
0.6233333333333329, 2.6
0.6324999999999995, 2.5
0.6416666666666662, 2.4
0.6508333333333328, 2.3000002
0.6599999999999995, 2.2000003
0.6691666666666661, 2.1000004
0.6783333333333328, 2.0000005
0.6874999999999994, 1.9000005
0.6966666666666661, 1.8000004
0.7058333333333328, 1.7000004
0.7149999999999994, 1.6000004
0.7241666666666661, 1.5000004
0.7333333333333327, 1.4000003
0.7424999999999994, 1.3000003
0.751666666666666, 1.2000003
0.7608333333333327, 1.1000003
0.7699999999999994, 1.0000002
0.779166666666666, 0.9000002
0.7883333333333327, 0.8000002
0.7974999999999993, 0.70000017
0.806666666666666, 0.60000014
0.8158333333333326, 0.5000001
0.8249999999999993, 0.40000013
0.834166666666666, 0.30000013
0.8433333333333326, 0.20000014
0.8524999999999993, 0.100000136
0.8616666666666659, 0.00000013411045
0.8708333333333326, -0.09999987
0.8799999999999992, -0.19999987
0.8891666666666659, -0.29999986
0.8983333333333325, -0.39999986
0.9074999999999992, -0.49999985
0.9166666666666659, -0.59999985
0.9258333333333325, -0.69999987
0.9349999999999992, -0.7999999
0.9441666666666658, -0.8999999
0.9533333333333325, -0.99999994
0.9624999999999991, -1.0999999
0.9716666666666658, -1.1999999
0.9808333333333324, -1.3
0.9899999999999991, -1.4
0.9991666666666658, -1.5
1.0083333333333324, -1.6
0.009166666666666667, -1.7
0.018333333333333333, -1.6
0.0275, -1.5
0.03666666666666667, -1.4
0.04583333333333334, -1.3
0.05500000000000001, -1.1999999
0.06416666666666668, -1.0999999
0.07333333333333335, -0.9999999
0.08250000000000002, -0.89999986
0.09166666666666669, -0.79999983
0.10083333333333336, -0.6999998
0.11000000000000003, -0.5999998
0.1191666666666667, -0.4999998
0.12833333333333335, -0.3999998
0.1375, -0.2999998
0.14666666666666667, -0.19999981
0.15583333333333332, -0.09999981
0.16499999999999998, 0.0000001937151
0.17416666666666664, 0.100000195
0.1833333333333333, 0.2000002
0.19249999999999995, 0.3000002
0.2016666666666666, 0.40000018
0.21083333333333326, 0.5000002
0.21999999999999992, 0.6000002
0.22916666666666657, 0.7000002
0.23833333333333323, 0.80000025
0.2474999999999999, 0.9000003
0.25666666666666654, 1.0000002
0.2658333333333332, 1.1000003
0.27499999999999986, 1.2000003
0.2841666666666665, 1.3000003
0.29333333333333317, 1.4000003
0.3024999999999998, 1.5000004
0.3116666666666665, 1.6000004
0.32083333333333314, 1.7000004
0.3299999999999998, 1.8000004
0.33916666666666645, 1.9000005
0.3483333333333331, 2.0000005
0.35749999999999976, 2.1000004
0.3666666666666664, 2.2000003
0.3758333333333331, 2.3000002
0.38499999999999973, 2.4
0.3941666666666664, 2.5
0.40333333333333304, 2.6
0.4124999999999997, 2.6999998
0.42166666666666636, 2.7999997
0.430833333333333, 2.8999996
0.43999999999999967, 2.9999995
0.4491666666666663, 3.0999994
0.458333333333333, 3.1999993
0.46749999999999964, 3.2999992
0.4766666666666663, 3.3999991
0.48583333333333295, 3.499999
0.4949999999999996, 3.599999
0.5041666666666663, 3.6999989
0.513333333333333, 3.599999
0.5224999999999996, 3.499999
0.5316666666666663, 3.3999991
0.5408333333333329, 3.2999992
0.5499999999999996, 3.1999993
0.5591666666666663, 3.0999994
0.5683333333333329, 2.9999995
0.5774999999999996, 2.8999996
0.5866666666666662, 2.7999997
0.5958333333333329, 2.6999998
0.6049999999999995, 2.6
0.6141666666666662, 2.5
0.6233333333333329, 2.4
0.6324999999999995, 2.3000002
0.6416666666666662, 2.2000003
0.6508333333333328, 2.1000004
0.6599999999999995, 2.0000005
0.6691666666666661, 1.9000005
0.6783333333333328, 1.8000004
0.6874999999999994, 1.7000004
0.6966666666666661, 1.6000004
0.7058333333333328, 1.5000004
0.7149999999999994, 1.4000003
0.7241666666666661, 1.3000003
0.7333333333333327, 1.2000003
0.7424999999999994, 1.1000003
0.751666666666666, 1.0000002
0.7608333333333327, 0.9000002
0.7699999999999994, 0.8000002
0.779166666666666, 0.70000017
0.7883333333333327, 0.60000014
0.7974999999999993, 0.5000001
0.806666666666666, 0.40000013
0.8158333333333326, 0.30000013
0.8249999999999993, 0.20000014
0.834166666666666, 0.100000136
0.8433333333333326, 0.00000013411045
0.8524999999999993, -0.09999987
0.8616666666666659, -0.19999987
0.8708333333333326, -0.29999986
0.8799999999999992, -0.39999986
0.8891666666666659, -0.49999985
0.8983333333333325, -0.59999985
0.9074999999999992, -0.69999987
0.9166666666666659, -0.7999999
0.9258333333333325, -0.8999999
0.9349999999999992, -0.99999994
0.9441666666666658, -1.0999999
0.9533333333333325, -1.1999999
0.9624999999999991, -1.3
0.9716666666666658, -1.4
0.9808333333333324, -1.5
0.9899999999999991, -1.6
0.9991666666666658, -1.7
1.0083333333333324, -1.8000001
0.009166666666666667, -1.9000001
0.018333333333333333, -1.8000001
0.0275, -1.7
0.03666666666666667, -1.6
0.04583333333333334, -1.5
0.05500000000000001, -1.4
0.06416666666666668, -1.3
0.07333333333333335, -1.1999999
0.08250000000000002, -1.0999999
0.09166666666666669, -0.9999999
0.10083333333333336, -0.89999986
0.11000000000000003, -0.79999983
0.1191666666666667, -0.6999998
0.12833333333333335, -0.5999998
0.1375, -0.4999998
0.14666666666666667, -0.3999998
0.15583333333333332, -0.2999998
0.16499999999999998, -0.19999981
0.17416666666666664, -0.09999981
0.1833333333333333, 0.0000001937151
0.19249999999999995, 0.100000195
0.2016666666666666, 0.2000002
0.21083333333333326, 0.3000002
0.21999999999999992, 0.40000018
0.22916666666666657, 0.5000002
0.23833333333333323, 0.6000002
0.2474999999999999, 0.7000002
0.25666666666666654, 0.80000025
0.2658333333333332, 0.9000003
0.27499999999999986, 1.0000002
0.2841666666666665, 1.1000003
0.29333333333333317, 1.2000003
0.3024999999999998, 1.3000003
0.3116666666666665, 1.4000003
0.32083333333333314, 1.5000004
0.3299999999999998, 1.6000004
0.33916666666666645, 1.7000004
0.3483333333333331, 1.8000004
0.35749999999999976, 1.9000005
0.3666666666666664, 2.0000005
0.3758333333333331, 2.1000004
0.38499999999999973, 2.2000003
0.3941666666666664, 2.3000002
0.40333333333333304, 2.4
0.4124999999999997, 2.5
0.42166666666666636, 2.6
0.430833333333333, 2.6999998
0.43999999999999967, 2.7999997
0.4491666666666663, 2.8999996
0.458333333333333, 2.9999995
0.46749999999999964, 3.0999994
0.4766666666666663, 3.1999993
0.48583333333333295, 3.2999992
0.4949999999999996, 3.3999991
0.5041666666666663, 3.499999
0.513333333333333, 3.3999991
0.5224999999999996, 3.2999992
0.5316666666666663, 3.1999993
0.5408333333333329, 3.0999994
0.5499999999999996, 2.9999995
0.5591666666666663, 2.8999996
0.5683333333333329, 2.7999997
0.5774999999999996, 2.6999998
0.5866666666666662, 2.6
0.5958333333333329, 2.5
0.6049999999999995, 2.4
0.6141666666666662, 2.3000002
0.6233333333333329, 2.2000003
0.6324999999999995, 2.1000004
0.6416666666666662, 2.0000005
0.6508333333333328, 1.9000005
0.6599999999999995, 1.8000004
0.6691666666666661, 1.7000004
0.6783333333333328, 1.6000004
0.6874999999999994, 1.5000004
0.6966666666666661, 1.4000003
0.7058333333333328, 1.3000003
0.7149999999999994, 1.2000003
0.7241666666666661, 1.1000003
0.7333333333333327, 1.0000002
0.7424999999999994, 0.9000002
0.751666666666666, 0.8000002
0.7608333333333327, 0.70000017
0.7699999999999994, 0.60000014
0.779166666666666, 0.5000001
0.7883333333333327, 0.40000013
0.7974999999999993, 0.30000013
0.806666666666666, 0.20000014
0.8158333333333326, 0.100000136
0.8249999999999993, 0.00000013411045
0.834166666666666, -0.09999987
0.8433333333333326, -0.19999987
0.8524999999999993, -0.29999986
0.8616666666666659, -0.39999986
0.8708333333333326, -0.49999985
0.8799999999999992, -0.59999985
0.8891666666666659, -0.69999987
0.8983333333333325, -0.7999999
0.9074999999999992, -0.8999999
0.9166666666666659, -0.99999994
0.9258333333333325, -1.0999999
0.9349999999999992, -1.1999999
0.9441666666666658, -1.3
0.9533333333333325, -1.4
0.9624999999999991, -1.5
0.9716666666666658, -1.6
0.9808333333333324, -1.7
0.9899999999999991, -1.8000001
0.9991666666666658, -1.9000001
1.0083333333333324, -2
0.009166666666666667, -2.1
0.018333333333333333, -1.9999999
0.0275, -1.8999999
0.03666666666666667, -1.7999998
0.04583333333333334, -1.6999998
0.05500000000000001, -1.5999998
0.06416666666666668, -1.4999998
0.07333333333333335, -1.3999997
0.08250000000000002, -1.2999997
0.09166666666666669, -1.1999997
0.10083333333333336, -1.0999997
0.11000000000000003, -0.99999964
0.1191666666666667, -0.8999996
0.12833333333333335, -0.7999996
0.1375, -0.6999996
0.14666666666666667, -0.59999955
0.15583333333333332, -0.49999955
0.16499999999999998, -0.39999956
0.17416666666666664, -0.29999956
0.1833333333333333, -0.19999957
0.19249999999999995, -0.09999957
0.2016666666666666, 0.00000043213367
0.21083333333333326, 0.10000043
0.21999999999999992, 0.20000044
0.22916666666666657, 0.30000043
0.23833333333333323, 0.40000042
0.2474999999999999, 0.5000004
0.25666666666666654, 0.60000044
0.2658333333333332, 0.70000046
0.27499999999999986, 0.8000005
0.2841666666666665, 0.9000005
0.29333333333333317, 1.0000005
0.3024999999999998, 1.1000005
0.3116666666666665, 1.2000005
0.32083333333333314, 1.3000005
0.3299999999999998, 1.4000006
0.33916666666666645, 1.5000006
0.3483333333333331, 1.6000006
0.35749999999999976, 1.7000006
0.3666666666666664, 1.8000007
0.3758333333333331, 1.9000007
0.38499999999999973, 2.0000007
0.3941666666666664, 2.1000006
0.40333333333333304, 2.2000005
0.4124999999999997, 2.3000004
0.42166666666666636, 2.4000003
0.430833333333333, 2.5000002
0.43999999999999967, 2.6000001
0.4491666666666663, 2.7
0.458333333333333, 2.8
0.46749999999999964, 2.8999999
0.4766666666666663, 2.9999998
0.48583333333333295, 3.0999997
0.4949999999999996, 3.1999996
0.5041666666666663, 3.2999995
0.513333333333333, 3.1999996
0.5224999999999996, 3.0999997
0.5316666666666663, 2.9999998
0.5408333333333329, 2.8999999
0.5499999999999996, 2.8
0.5591666666666663, 2.7
0.5683333333333329, 2.6000001
0.5774999999999996, 2.5000002
0.5866666666666662, 2.4000003
0.5958333333333329, 2.3000004
0.6049999999999995, 2.2000005
0.6141666666666662, 2.1000006
0.6233333333333329, 2.0000007
0.6324999999999995, 1.9000007
0.6416666666666662, 1.8000007
0.6508333333333328, 1.7000006
0.6599999999999995, 1.6000006
0.6691666666666661, 1.5000006
0.6783333333333328, 1.4000006
0.6874999999999994, 1.3000005
0.6966666666666661, 1.2000005
0.7058333333333328, 1.1000005
0.7149999999999994, 1.0000005
0.7241666666666661, 0.90000045
0.7333333333333327, 0.8000004
0.7424999999999994, 0.7000004
0.751666666666666, 0.6000004
0.7608333333333327, 0.50000036
0.7699999999999994, 0.40000036
0.779166666666666, 0.30000037
0.7883333333333327, 0.20000038
0.7974999999999993, 0.100000374
0.806666666666666, 0.00000037252903
0.8158333333333326, -0.09999963
0.8249999999999993, -0.19999963
0.834166666666666, -0.29999962
0.8433333333333326, -0.39999962
0.8524999999999993, -0.4999996
0.8616666666666659, -0.5999996
0.8708333333333326, -0.69999963
0.8799999999999992, -0.79999965
0.8891666666666659, -0.8999997
0.8983333333333325, -0.9999997
0.9074999999999992, -1.0999997
0.9166666666666659, -1.1999997
0.9258333333333325, -1.2999997
0.9349999999999992, -1.3999997
0.9441666666666658, -1.4999998
0.9533333333333325, -1.5999998
0.9624999999999991, -1.6999998
0.9716666666666658, -1.7999998
0.9808333333333324, -1.8999999
0.9899999999999991, -1.9999999
0.9991666666666658, -2.1
1.0083333333333324, -2.1999998
0.009166666666666667, -2.2999997
0.018333333333333333, -2.1999998
0.0275, -2.1
0.03666666666666667, -1.9999999
0.04583333333333334, -1.8999999
0.05500000000000001, -1.7999998
0.06416666666666668, -1.6999998
0.07333333333333335, -1.5999998
0.08250000000000002, -1.4999998
0.09166666666666669, -1.3999997
0.10083333333333336, -1.2999997
0.11000000000000003, -1.1999997
0.1191666666666667, -1.0999997
0.12833333333333335, -0.99999964
0.1375, -0.8999996
0.14666666666666667, -0.7999996
0.15583333333333332, -0.6999996
0.16499999999999998, -0.59999955
0.17416666666666664, -0.49999955
0.1833333333333333, -0.39999956
0.19249999999999995, -0.29999956
0.2016666666666666, -0.19999957
0.21083333333333326, -0.09999957
0.21999999999999992, 0.00000043213367
0.22916666666666657, 0.10000043
0.23833333333333323, 0.20000044
0.2474999999999999, 0.30000043
0.25666666666666654, 0.40000042
0.2658333333333332, 0.5000004
0.27499999999999986, 0.60000044
0.2841666666666665, 0.70000046
0.29333333333333317, 0.8000005
0.3024999999999998, 0.9000005
0.3116666666666665, 1.0000005
0.32083333333333314, 1.1000005
0.3299999999999998, 1.2000005
0.33916666666666645, 1.3000005
0.3483333333333331, 1.4000006
0.35749999999999976, 1.5000006
0.3666666666666664, 1.6000006
0.3758333333333331, 1.7000006
0.38499999999999973, 1.8000007
0.3941666666666664, 1.9000007
0.40333333333333304, 2.0000007
0.4124999999999997, 2.1000006
0.42166666666666636, 2.2000005
0.430833333333333, 2.3000004
0.43999999999999967, 2.4000003
0.4491666666666663, 2.5000002
0.458333333333333, 2.6000001
0.46749999999999964, 2.7
0.4766666666666663, 2.8
0.48583333333333295, 2.8999999
0.4949999999999996, 2.9999998
0.5041666666666663, 3.0999997
0.513333333333333, 2.9999998
0.5224999999999996, 2.8999999
0.5316666666666663, 2.8
0.5408333333333329, 2.7
0.5499999999999996, 2.6000001
0.5591666666666663, 2.5000002
0.5683333333333329, 2.4000003
0.5774999999999996, 2.3000004
0.5866666666666662, 2.2000005
0.5958333333333329, 2.1000006
0.6049999999999995, 2.0000007
0.6141666666666662, 1.9000007
0.6233333333333329, 1.8000007
0.6324999999999995, 1.7000006
0.6416666666666662, 1.6000006
0.6508333333333328, 1.5000006
0.6599999999999995, 1.4000006
0.6691666666666661, 1.3000005
0.6783333333333328, 1.2000005
0.6874999999999994, 1.1000005
0.6966666666666661, 1.0000005
0.7058333333333328, 0.90000045
0.7149999999999994, 0.8000004
0.7241666666666661, 0.7000004
0.7333333333333327, 0.6000004
0.7424999999999994, 0.50000036
0.751666666666666, 0.40000036
0.7608333333333327, 0.30000037
0.7699999999999994, 0.20000038
0.779166666666666, 0.100000374
0.7883333333333327, 0.00000037252903
0.7974999999999993, -0.09999963
0.806666666666666, -0.19999963
0.8158333333333326, -0.29999962
0.8249999999999993, -0.39999962
0.834166666666666, -0.4999996
0.8433333333333326, -0.5999996
0.8524999999999993, -0.69999963
0.8616666666666659, -0.79999965
0.8708333333333326, -0.8999997
0.8799999999999992, -0.9999997
0.8891666666666659, -1.0999997
0.8983333333333325, -1.1999997
0.9074999999999992, -1.2999997
0.9166666666666659, -1.3999997
0.9258333333333325, -1.4999998
0.9349999999999992, -1.5999998
0.9441666666666658, -1.6999998
0.9533333333333325, -1.7999998
0.9624999999999991, -1.8999999
0.9716666666666658, -1.9999999
0.9808333333333324, -2.1
0.9899999999999991, -2.1999998
0.9991666666666658, -2.2999997
1.0083333333333324, -2.3999996
0.009166666666666667, -2.4999995
0.018333333333333333, -2.3999996
0.0275, -2.2999997
0.03666666666666667, -2.1999998
0.04583333333333334, -2.1
0.05500000000000001, -1.9999999
0.06416666666666668, -1.8999999
0.07333333333333335, -1.7999998
0.08250000000000002, -1.6999998
0.09166666666666669, -1.5999998
0.10083333333333336, -1.4999998
0.11000000000000003, -1.3999997
0.1191666666666667, -1.2999997
0.12833333333333335, -1.1999997
0.1375, -1.0999997
0.14666666666666667, -0.99999964
0.15583333333333332, -0.8999996
0.16499999999999998, -0.7999996
0.17416666666666664, -0.6999996
0.1833333333333333, -0.59999955
0.19249999999999995, -0.49999955
0.2016666666666666, -0.39999956
0.21083333333333326, -0.29999956
0.21999999999999992, -0.19999957
0.22916666666666657, -0.09999957
0.23833333333333323, 0.00000043213367
0.2474999999999999, 0.10000043
0.25666666666666654, 0.20000044
0.2658333333333332, 0.30000043
0.27499999999999986, 0.40000042
0.2841666666666665, 0.5000004
0.29333333333333317, 0.60000044
0.3024999999999998, 0.70000046
0.3116666666666665, 0.8000005
0.32083333333333314, 0.9000005
0.3299999999999998, 1.0000005
0.33916666666666645, 1.1000005
0.3483333333333331, 1.2000005
0.35749999999999976, 1.3000005
0.3666666666666664, 1.4000006
0.3758333333333331, 1.5000006
0.38499999999999973, 1.6000006
0.3941666666666664, 1.7000006
0.40333333333333304, 1.8000007
0.4124999999999997, 1.9000007
0.42166666666666636, 2.0000007
0.430833333333333, 2.1000006
0.43999999999999967, 2.2000005
0.4491666666666663, 2.3000004
0.458333333333333, 2.4000003
0.46749999999999964, 2.5000002
0.4766666666666663, 2.6000001
0.48583333333333295, 2.7
0.4949999999999996, 2.8
0.5041666666666663, 2.8999999
0.513333333333333, 2.8
0.5224999999999996, 2.7
0.5316666666666663, 2.6000001
0.5408333333333329, 2.5000002
0.5499999999999996, 2.4000003
0.5591666666666663, 2.3000004
0.5683333333333329, 2.2000005
0.5774999999999996, 2.1000006
0.5866666666666662, 2.0000007
0.5958333333333329, 1.9000007
0.6049999999999995, 1.8000007
0.6141666666666662, 1.7000006
0.6233333333333329, 1.6000006
0.6324999999999995, 1.5000006
0.6416666666666662, 1.4000006
0.6508333333333328, 1.3000005
0.6599999999999995, 1.2000005
0.6691666666666661, 1.1000005
0.6783333333333328, 1.0000005
0.6874999999999994, 0.90000045
0.6966666666666661, 0.8000004
0.7058333333333328, 0.7000004
0.7149999999999994, 0.6000004
0.7241666666666661, 0.50000036
0.7333333333333327, 0.40000036
0.7424999999999994, 0.30000037
0.751666666666666, 0.20000038
0.7608333333333327, 0.100000374
0.7699999999999994, 0.00000037252903
0.779166666666666, -0.09999963
0.7883333333333327, -0.19999963
0.7974999999999993, -0.29999962
0.806666666666666, -0.39999962
0.8158333333333326, -0.4999996
0.8249999999999993, -0.5999996
0.834166666666666, -0.69999963
0.8433333333333326, -0.79999965
0.8524999999999993, -0.8999997
0.8616666666666659, -0.9999997
0.8708333333333326, -1.0999997
0.8799999999999992, -1.1999997
0.8891666666666659, -1.2999997
0.8983333333333325, -1.3999997
0.9074999999999992, -1.4999998
0.9166666666666659, -1.5999998
0.9258333333333325, -1.6999998
0.9349999999999992, -1.7999998
0.9441666666666658, -1.8999999
0.9533333333333325, -1.9999999
0.9624999999999991, -2.1
0.9716666666666658, -2.1999998
0.9808333333333324, -2.2999997
0.9899999999999991, -2.3999996
0.9991666666666658, -2.4999995
1.0083333333333324, -2.5999994
0.009166666666666667, -2.6999993
0.018333333333333333, -2.5999994
0.0275, -2.4999995
0.03666666666666667, -2.3999996
0.04583333333333334, -2.2999997
0.05500000000000001, -2.1999998
0.06416666666666668, -2.1
0.07333333333333335, -1.9999999
0.08250000000000002, -1.8999999
0.09166666666666669, -1.7999998
0.10083333333333336, -1.6999998
0.11000000000000003, -1.5999998
0.1191666666666667, -1.4999998
0.12833333333333335, -1.3999997
0.1375, -1.2999997
0.14666666666666667, -1.1999997
0.15583333333333332, -1.0999997
0.16499999999999998, -0.99999964
0.17416666666666664, -0.8999996
0.1833333333333333, -0.7999996
0.19249999999999995, -0.6999996
0.2016666666666666, -0.59999955
0.21083333333333326, -0.49999955
0.21999999999999992, -0.39999956
0.22916666666666657, -0.29999956
0.23833333333333323, -0.19999957
0.2474999999999999, -0.09999957
0.25666666666666654, 0.00000043213367
0.2658333333333332, 0.10000043
0.27499999999999986, 0.20000044
0.2841666666666665, 0.30000043
0.29333333333333317, 0.40000042
0.3024999999999998, 0.5000004
0.3116666666666665, 0.60000044
0.32083333333333314, 0.70000046
0.3299999999999998, 0.8000005
0.33916666666666645, 0.9000005
0.3483333333333331, 1.0000005
0.35749999999999976, 1.1000005
0.3666666666666664, 1.2000005
0.3758333333333331, 1.3000005
0.38499999999999973, 1.4000006
0.3941666666666664, 1.5000006
0.40333333333333304, 1.6000006
0.4124999999999997, 1.7000006
0.42166666666666636, 1.8000007
0.430833333333333, 1.9000007
0.43999999999999967, 2.0000007
0.4491666666666663, 2.1000006
0.458333333333333, 2.2000005
0.46749999999999964, 2.3000004
0.4766666666666663, 2.4000003
0.48583333333333295, 2.5000002
0.4949999999999996, 2.6000001
0.5041666666666663, 2.7
0.513333333333333, 2.6000001
0.5224999999999996, 2.5000002
0.5316666666666663, 2.4000003
0.5408333333333329, 2.3000004
0.5499999999999996, 2.2000005
0.5591666666666663, 2.1000006
0.5683333333333329, 2.0000007
0.5774999999999996, 1.9000007
0.5866666666666662, 1.8000007
0.5958333333333329, 1.7000006
0.6049999999999995, 1.6000006
0.6141666666666662, 1.5000006
0.6233333333333329, 1.4000006
0.6324999999999995, 1.3000005
0.6416666666666662, 1.2000005
0.6508333333333328, 1.1000005
0.6599999999999995, 1.0000005
0.6691666666666661, 0.90000045
0.6783333333333328, 0.8000004
0.6874999999999994, 0.7000004
0.6966666666666661, 0.6000004
0.7058333333333328, 0.50000036
0.7149999999999994, 0.40000036
0.7241666666666661, 0.30000037
0.7333333333333327, 0.20000038
0.7424999999999994, 0.100000374
0.751666666666666, 0.00000037252903
0.7608333333333327, -0.09999963
0.7699999999999994, -0.19999963
0.779166666666666, -0.29999962
0.7883333333333327, -0.39999962
0.7974999999999993, -0.4999996
0.806666666666666, -0.5999996
0.8158333333333326, -0.69999963
0.8249999999999993, -0.79999965
0.834166666666666, -0.8999997
0.8433333333333326, -0.9999997
0.8524999999999993, -1.0999997
0.8616666666666659, -1.1999997
0.8708333333333326, -1.2999997
0.8799999999999992, -1.3999997
0.8891666666666659, -1.4999998
0.8983333333333325, -1.5999998
0.9074999999999992, -1.6999998
0.9166666666666659, -1.7999998
0.9258333333333325, -1.8999999
0.9349999999999992, -1.9999999
0.9441666666666658, -2.1
0.9533333333333325, -2.1999998
0.9624999999999991, -2.2999997
0.9716666666666658, -2.3999996
0.9808333333333324, -2.4999995
0.9899999999999991, -2.5999994
0.9991666666666658, -2.6999993
1.0083333333333324, -2.7999992
0.009166666666666667, -2.8999991
0.018333333333333333, -2.7999992
0.0275, -2.6999993
0.03666666666666667, -2.5999994
0.04583333333333334, -2.4999995
0.05500000000000001, -2.3999996
0.06416666666666668, -2.2999997
0.07333333333333335, -2.1999998
0.08250000000000002, -2.1
0.09166666666666669, -1.9999999
0.10083333333333336, -1.8999999
0.11000000000000003, -1.7999998
0.1191666666666667, -1.6999998
0.12833333333333335, -1.5999998
0.1375, -1.4999998
0.14666666666666667, -1.3999997
0.15583333333333332, -1.2999997
0.16499999999999998, -1.1999997
0.17416666666666664, -1.0999997
0.1833333333333333, -0.99999964
0.19249999999999995, -0.8999996
0.2016666666666666, -0.7999996
0.21083333333333326, -0.6999996
0.21999999999999992, -0.59999955
0.22916666666666657, -0.49999955
0.23833333333333323, -0.39999956
0.2474999999999999, -0.29999956
0.25666666666666654, -0.19999957
0.2658333333333332, -0.09999957
0.27499999999999986, 0.00000043213367
0.2841666666666665, 0.10000043
0.29333333333333317, 0.20000044
0.3024999999999998, 0.30000043
0.3116666666666665, 0.40000042
0.32083333333333314, 0.5000004
0.3299999999999998, 0.60000044
0.33916666666666645, 0.70000046
0.3483333333333331, 0.8000005
0.35749999999999976, 0.9000005
0.3666666666666664, 1.0000005
0.3758333333333331, 1.1000005
0.38499999999999973, 1.2000005
0.3941666666666664, 1.3000005
0.40333333333333304, 1.4000006
0.4124999999999997, 1.5000006
0.42166666666666636, 1.6000006
0.430833333333333, 1.7000006
0.43999999999999967, 1.8000007
0.4491666666666663, 1.9000007
0.458333333333333, 2.0000007
0.46749999999999964, 2.1000006
0.4766666666666663, 2.2000005
0.48583333333333295, 2.3000004
0.4949999999999996, 2.4000003
0.5041666666666663, 2.5000002
0.513333333333333, 2.4000003
0.5224999999999996, 2.3000004
0.5316666666666663, 2.2000005
0.5408333333333329, 2.1000006
0.5499999999999996, 2.0000007
0.5591666666666663, 1.9000007
0.5683333333333329, 1.8000007
0.5774999999999996, 1.7000006
0.5866666666666662, 1.6000006
0.5958333333333329, 1.5000006
0.6049999999999995, 1.4000006
0.6141666666666662, 1.3000005
0.6233333333333329, 1.2000005
0.6324999999999995, 1.1000005
0.6416666666666662, 1.0000005
0.6508333333333328, 0.90000045
0.6599999999999995, 0.8000004
0.6691666666666661, 0.7000004
0.6783333333333328, 0.6000004
0.6874999999999994, 0.50000036
0.6966666666666661, 0.40000036
0.7058333333333328, 0.30000037
0.7149999999999994, 0.20000038
0.7241666666666661, 0.100000374
0.7333333333333327, 0.00000037252903
0.7424999999999994, -0.09999963
0.751666666666666, -0.19999963
0.7608333333333327, -0.29999962
0.7699999999999994, -0.39999962
0.779166666666666, -0.4999996
0.7883333333333327, -0.5999996
0.7974999999999993, -0.69999963
0.806666666666666, -0.79999965
0.8158333333333326, -0.8999997
0.8249999999999993, -0.9999997
0.834166666666666, -1.0999997
0.8433333333333326, -1.1999997
0.8524999999999993, -1.2999997
0.8616666666666659, -1.3999997
0.8708333333333326, -1.4999998
0.8799999999999992, -1.5999998
0.8891666666666659, -1.6999998
0.8983333333333325, -1.7999998
0.9074999999999992, -1.8999999
0.9166666666666659, -1.9999999
0.9258333333333325, -2.1
0.9349999999999992, -2.1999998
0.9441666666666658, -2.2999997
0.9533333333333325, -2.3999996
0.9624999999999991, -2.4999995
0.9716666666666658, -2.5999994
0.9808333333333324, -2.6999993
0.9899999999999991, -2.7999992
0.9991666666666658, -2.8999991
1.0083333333333324, -2.999999
0.009166666666666667, -3.099999
0.018333333333333333, -2.999999
0.0275, -2.8999991
0.03666666666666667, -2.7999992
0.04583333333333334, -2.6999993
0.05500000000000001, -2.5999994
0.06416666666666668, -2.4999995
0.07333333333333335, -2.3999996
0.08250000000000002, -2.2999997
0.09166666666666669, -2.1999998
0.10083333333333336, -2.1
0.11000000000000003, -1.9999999
0.1191666666666667, -1.8999999
0.12833333333333335, -1.7999998
0.1375, -1.6999998
0.14666666666666667, -1.5999998
0.15583333333333332, -1.4999998
0.16499999999999998, -1.3999997
0.17416666666666664, -1.2999997
0.1833333333333333, -1.1999997
0.19249999999999995, -1.0999997
0.2016666666666666, -0.99999964
0.21083333333333326, -0.8999996
0.21999999999999992, -0.7999996
0.22916666666666657, -0.6999996
0.23833333333333323, -0.59999955
0.2474999999999999, -0.49999955
0.25666666666666654, -0.39999956
0.2658333333333332, -0.29999956
0.27499999999999986, -0.19999957
0.2841666666666665, -0.09999957
0.29333333333333317, 0.00000043213367
0.3024999999999998, 0.10000043
0.3116666666666665, 0.20000044
0.32083333333333314, 0.30000043
0.3299999999999998, 0.40000042
0.33916666666666645, 0.5000004
0.3483333333333331, 0.60000044
0.35749999999999976, 0.70000046
0.3666666666666664, 0.8000005
0.3758333333333331, 0.9000005
0.38499999999999973, 1.0000005
0.3941666666666664, 1.1000005
0.40333333333333304, 1.2000005
0.4124999999999997, 1.3000005
0.42166666666666636, 1.4000006
0.430833333333333, 1.5000006
0.43999999999999967, 1.6000006
0.4491666666666663, 1.7000006
0.458333333333333, 1.8000007
0.46749999999999964, 1.9000007
0.4766666666666663, 2.0000007
0.48583333333333295, 2.1000006
0.4949999999999996, 2.2000005
0.5041666666666663, 2.3000004
0.513333333333333, 2.2000005
0.5224999999999996, 2.1000006
0.5316666666666663, 2.0000007
0.5408333333333329, 1.9000007
0.5499999999999996, 1.8000007
0.5591666666666663, 1.7000006
0.5683333333333329, 1.6000006
0.5774999999999996, 1.5000006
0.5866666666666662, 1.4000006
0.5958333333333329, 1.3000005
0.6049999999999995, 1.2000005
0.6141666666666662, 1.1000005
0.6233333333333329, 1.0000005
0.6324999999999995, 0.90000045
0.6416666666666662, 0.8000004
0.6508333333333328, 0.7000004
0.6599999999999995, 0.6000004
0.6691666666666661, 0.50000036
0.6783333333333328, 0.40000036
0.6874999999999994, 0.30000037
0.6966666666666661, 0.20000038
0.7058333333333328, 0.100000374
0.7149999999999994, 0.00000037252903
0.7241666666666661, -0.09999963
0.7333333333333327, -0.19999963
0.7424999999999994, -0.29999962
0.751666666666666, -0.39999962
0.7608333333333327, -0.4999996
0.7699999999999994, -0.5999996
0.779166666666666, -0.69999963
0.7883333333333327, -0.79999965
0.7974999999999993, -0.8999997
0.806666666666666, -0.9999997
0.8158333333333326, -1.0999997
0.8249999999999993, -1.1999997
0.834166666666666, -1.2999997
0.8433333333333326, -1.3999997
0.8524999999999993, -1.4999998
0.8616666666666659, -1.5999998
0.8708333333333326, -1.6999998
0.8799999999999992, -1.7999998
0.8891666666666659, -1.8999999
0.8983333333333325, -1.9999999
0.9074999999999992, -2.1
0.9166666666666659, -2.1999998
0.9258333333333325, -2.2999997
0.9349999999999992, -2.3999996
0.9441666666666658, -2.4999995
0.9533333333333325, -2.5999994
0.9624999999999991, -2.6999993
0.9716666666666658, -2.7999992
0.9808333333333324, -2.8999991
0.9899999999999991, -2.999999
0.9991666666666658, -3.099999
1.0083333333333324, -3.1999989
0.009166666666666667, -3.2999988
0.018333333333333333, -3.1999989
0.0275, -3.099999
0.03666666666666667, -2.999999
0.04583333333333334, -2.8999991
0.05500000000000001, -2.7999992
0.06416666666666668, -2.6999993
0.07333333333333335, -2.5999994
0.08250000000000002, -2.4999995
0.09166666666666669, -2.3999996
0.10083333333333336, -2.2999997
0.11000000000000003, -2.1999998
0.1191666666666667, -2.1
0.12833333333333335, -1.9999999
0.1375, -1.8999999
0.14666666666666667, -1.7999998
0.15583333333333332, -1.6999998
0.16499999999999998, -1.5999998
0.17416666666666664, -1.4999998
0.1833333333333333, -1.3999997
0.19249999999999995, -1.2999997
0.2016666666666666, -1.1999997
0.21083333333333326, -1.0999997
0.21999999999999992, -0.99999964
0.22916666666666657, -0.8999996
0.23833333333333323, -0.7999996
0.2474999999999999, -0.6999996
0.25666666666666654, -0.59999955
0.2658333333333332, -0.49999955
0.27499999999999986, -0.39999956
0.2841666666666665, -0.29999956
0.29333333333333317, -0.19999957
0.3024999999999998, -0.09999957
0.3116666666666665, 0.00000043213367
0.32083333333333314, 0.10000043
0.3299999999999998, 0.20000044
0.33916666666666645, 0.30000043
0.3483333333333331, 0.40000042
0.35749999999999976, 0.5000004
0.3666666666666664, 0.60000044
0.3758333333333331, 0.70000046
0.38499999999999973, 0.8000005
0.3941666666666664, 0.9000005
0.40333333333333304, 1.0000005
0.4124999999999997, 1.1000005
0.42166666666666636, 1.2000005
0.430833333333333, 1.3000005
0.43999999999999967, 1.4000006
0.4491666666666663, 1.5000006
0.458333333333333, 1.6000006
0.46749999999999964, 1.7000006
0.4766666666666663, 1.8000007
0.48583333333333295, 1.9000007
0.4949999999999996, 2.0000007
0.5041666666666663, 2.1000006
0.513333333333333, 2.0000007
0.5224999999999996, 1.9000007
0.5316666666666663, 1.8000007
0.5408333333333329, 1.7000006
0.5499999999999996, 1.6000006
0.5591666666666663, 1.5000006
0.5683333333333329, 1.4000006
0.5774999999999996, 1.3000005
0.5866666666666662, 1.2000005
0.5958333333333329, 1.1000005
0.6049999999999995, 1.0000005
0.6141666666666662, 0.90000045
0.6233333333333329, 0.8000004
0.6324999999999995, 0.7000004
0.6416666666666662, 0.6000004
0.6508333333333328, 0.50000036
0.6599999999999995, 0.40000036
0.6691666666666661, 0.30000037
0.6783333333333328, 0.20000038
0.6874999999999994, 0.100000374
0.6966666666666661, 0.00000037252903
0.7058333333333328, -0.09999963
0.7149999999999994, -0.19999963
0.7241666666666661, -0.29999962
0.7333333333333327, -0.39999962
0.7424999999999994, -0.4999996
0.751666666666666, -0.5999996
0.7608333333333327, -0.69999963
0.7699999999999994, -0.79999965
0.779166666666666, -0.8999997
0.7883333333333327, -0.9999997
0.7974999999999993, -1.0999997
0.806666666666666, -1.1999997
0.8158333333333326, -1.2999997
0.8249999999999993, -1.3999997
0.834166666666666, -1.4999998
0.8433333333333326, -1.5999998
0.8524999999999993, -1.6999998
0.8616666666666659, -1.7999998
0.8708333333333326, -1.8999999
0.8799999999999992, -1.9999999
0.8891666666666659, -2.1
0.8983333333333325, -2.1999998
0.9074999999999992, -2.2999997
0.9166666666666659, -2.3999996
0.9258333333333325, -2.4999995
0.9349999999999992, -2.5999994
0.9441666666666658, -2.6999993
0.9533333333333325, -2.7999992
0.9624999999999991, -2.8999991
0.9716666666666658, -2.999999
0.9808333333333324, -3.099999
0.9899999999999991, -3.1999989
0.9991666666666658, -3.2999988
1.0083333333333324, -3.3999987
0.009166666666666667, -3.4999986
0.018333333333333333, -3.3999987
0.0275, -3.2999988
0.03666666666666667, -3.1999989
0.04583333333333334, -3.099999
0.05500000000000001, -2.999999
0.06416666666666668, -2.8999991
0.07333333333333335, -2.7999992
0.08250000000000002, -2.6999993
0.09166666666666669, -2.5999994
0.10083333333333336, -2.4999995
0.11000000000000003, -2.3999996
0.1191666666666667, -2.2999997
0.12833333333333335, -2.1999998
0.1375, -2.1
0.14666666666666667, -1.9999999
0.15583333333333332, -1.8999999
0.16499999999999998, -1.7999998
0.17416666666666664, -1.6999998
0.1833333333333333, -1.5999998
0.19249999999999995, -1.4999998
0.2016666666666666, -1.3999997
0.21083333333333326, -1.2999997
0.21999999999999992, -1.1999997
0.22916666666666657, -1.0999997
0.23833333333333323, -0.99999964
0.2474999999999999, -0.8999996
0.25666666666666654, -0.7999996
0.2658333333333332, -0.6999996
0.27499999999999986, -0.59999955
0.2841666666666665, -0.49999955
0.29333333333333317, -0.39999956
0.3024999999999998, -0.29999956
0.3116666666666665, -0.19999957
0.32083333333333314, -0.09999957
0.3299999999999998, 0.00000043213367
0.33916666666666645, 0.10000043
0.3483333333333331, 0.20000044
0.35749999999999976, 0.30000043
0.3666666666666664, 0.40000042
0.3758333333333331, 0.5000004
0.38499999999999973, 0.60000044
0.3941666666666664, 0.70000046
0.40333333333333304, 0.8000005
0.4124999999999997, 0.9000005
0.42166666666666636, 1.0000005
0.430833333333333, 1.1000005
0.43999999999999967, 1.2000005
0.4491666666666663, 1.3000005
0.458333333333333, 1.4000006
0.46749999999999964, 1.5000006
0.4766666666666663, 1.6000006
0.48583333333333295, 1.7000006
0.4949999999999996, 1.8000007
0.5041666666666663, 1.9000007
0.513333333333333, 1.8000007
0.5224999999999996, 1.7000006
0.5316666666666663, 1.6000006
0.5408333333333329, 1.5000006
0.5499999999999996, 1.4000006
0.5591666666666663, 1.3000005
0.5683333333333329, 1.2000005
0.5774999999999996, 1.1000005
0.5866666666666662, 1.0000005
0.5958333333333329, 0.90000045
0.6049999999999995, 0.8000004
0.6141666666666662, 0.7000004
0.6233333333333329, 0.6000004
0.6324999999999995, 0.50000036
0.6416666666666662, 0.40000036
0.6508333333333328, 0.30000037
0.6599999999999995, 0.20000038
0.6691666666666661, 0.100000374
0.6783333333333328, 0.00000037252903
0.6874999999999994, -0.09999963
0.6966666666666661, -0.19999963
0.7058333333333328, -0.29999962
0.7149999999999994, -0.39999962
0.7241666666666661, -0.4999996
0.7333333333333327, -0.5999996
0.7424999999999994, -0.69999963
0.751666666666666, -0.79999965
0.7608333333333327, -0.8999997
0.7699999999999994, -0.9999997
0.779166666666666, -1.0999997
0.7883333333333327, -1.1999997
0.7974999999999993, -1.2999997
0.806666666666666, -1.3999997
0.8158333333333326, -1.4999998
0.8249999999999993, -1.5999998
0.834166666666666, -1.6999998
0.8433333333333326, -1.7999998
0.8524999999999993, -1.8999999
0.8616666666666659, -1.9999999
0.8708333333333326, -2.1
0.8799999999999992, -2.1999998
0.8891666666666659, -2.2999997
0.8983333333333325, -2.3999996
0.9074999999999992, -2.4999995
0.9166666666666659, -2.5999994
0.9258333333333325, -2.6999993
0.9349999999999992, -2.7999992
0.9441666666666658, -2.8999991
0.9533333333333325, -2.999999
0.9624999999999991, -3.099999
0.9716666666666658, -3.1999989
0.9808333333333324, -3.2999988
0.9899999999999991, -3.3999987
0.9991666666666658, -3.4999986
1.0083333333333324, -3.5999985
0.009166666666666667, -3.6999984
0.018333333333333333, -3.5999985
0.0275, -3.4999986
0.03666666666666667, -3.3999987
0.04583333333333334, -3.2999988
0.05500000000000001, -3.1999989
0.06416666666666668, -3.099999
0.07333333333333335, -2.999999
0.08250000000000002, -2.8999991
0.09166666666666669, -2.7999992
0.10083333333333336, -2.6999993
0.11000000000000003, -2.5999994
0.1191666666666667, -2.4999995
0.12833333333333335, -2.3999996
0.1375, -2.2999997
0.14666666666666667, -2.1999998
0.15583333333333332, -2.1
0.16499999999999998, -1.9999999
0.17416666666666664, -1.8999999
0.1833333333333333, -1.7999998
0.19249999999999995, -1.6999998
0.2016666666666666, -1.5999998
0.21083333333333326, -1.4999998
0.21999999999999992, -1.3999997
0.22916666666666657, -1.2999997
0.23833333333333323, -1.1999997
0.2474999999999999, -1.0999997
0.25666666666666654, -0.99999964
0.2658333333333332, -0.8999996
0.27499999999999986, -0.7999996
0.2841666666666665, -0.6999996
0.29333333333333317, -0.59999955
0.3024999999999998, -0.49999955
0.3116666666666665, -0.39999956
0.32083333333333314, -0.29999956
0.3299999999999998, -0.19999957
0.33916666666666645, -0.09999957
0.3483333333333331, 0.00000043213367
0.35749999999999976, 0.10000043
0.3666666666666664, 0.20000044
0.3758333333333331, 0.30000043
0.38499999999999973, 0.40000042
0.3941666666666664, 0.5000004
0.40333333333333304, 0.60000044
0.4124999999999997, 0.70000046
0.42166666666666636, 0.8000005
0.430833333333333, 0.9000005
0.43999999999999967, 1.0000005
0.4491666666666663, 1.1000005
0.458333333333333, 1.2000005
0.46749999999999964, 1.3000005
0.4766666666666663, 1.4000006
0.48583333333333295, 1.5000006
0.4949999999999996, 1.6000006
0.5041666666666663, 1.7000006
0.513333333333333, 1.6000006
0.5224999999999996, 1.5000006
0.5316666666666663, 1.4000006
0.5408333333333329, 1.3000005
0.5499999999999996, 1.2000005
0.5591666666666663, 1.1000005
0.5683333333333329, 1.0000005
0.5774999999999996, 0.90000045
0.5866666666666662, 0.8000004
0.5958333333333329, 0.7000004
0.6049999999999995, 0.6000004
0.6141666666666662, 0.50000036
0.6233333333333329, 0.40000036
0.6324999999999995, 0.30000037
0.6416666666666662, 0.20000038
0.6508333333333328, 0.100000374
0.6599999999999995, 0.00000037252903
0.6691666666666661, -0.09999963
0.6783333333333328, -0.19999963
0.6874999999999994, -0.29999962
0.6966666666666661, -0.39999962
0.7058333333333328, -0.4999996
0.7149999999999994, -0.5999996
0.7241666666666661, -0.69999963
0.7333333333333327, -0.79999965
0.7424999999999994, -0.8999997
0.751666666666666, -0.9999997
0.7608333333333327, -1.0999997
0.7699999999999994, -1.1999997
0.779166666666666, -1.2999997
0.7883333333333327, -1.3999997
0.7974999999999993, -1.4999998
0.806666666666666, -1.5999998
0.8158333333333326, -1.6999998
0.8249999999999993, -1.7999998
0.834166666666666, -1.8999999
0.8433333333333326, -1.9999999
0.8524999999999993, -2.1
0.8616666666666659, -2.1999998
0.8708333333333326, -2.2999997
0.8799999999999992, -2.3999996
0.8891666666666659, -2.4999995
0.8983333333333325, -2.5999994
0.9074999999999992, -2.6999993
0.9166666666666659, -2.7999992
0.9258333333333325, -2.8999991
0.9349999999999992, -2.999999
0.9441666666666658, -3.099999
0.9533333333333325, -3.1999989
0.9624999999999991, -3.2999988
0.9716666666666658, -3.3999987
0.9808333333333324, -3.4999986
0.9899999999999991, -3.5999985
0.9991666666666658, -3.6999984
1.0083333333333324, -3.7999983
0.009166666666666667, -3.8999982
0.018333333333333333, -3.7999983
0.0275, -3.6999984
0.03666666666666667, -3.5999985
0.04583333333333334, -3.4999986
0.05500000000000001, -3.3999987
0.06416666666666668, -3.2999988
0.07333333333333335, -3.1999989
0.08250000000000002, -3.099999
0.09166666666666669, -2.999999
0.10083333333333336, -2.8999991
0.11000000000000003, -2.7999992
0.1191666666666667, -2.6999993
0.12833333333333335, -2.5999994
0.1375, -2.4999995
0.14666666666666667, -2.3999996
0.15583333333333332, -2.2999997
0.16499999999999998, -2.1999998
0.17416666666666664, -2.1
0.1833333333333333, -1.9999999
0.19249999999999995, -1.8999999
0.2016666666666666, -1.7999998
0.21083333333333326, -1.6999998
0.21999999999999992, -1.5999998
0.22916666666666657, -1.4999998
0.23833333333333323, -1.3999997
0.2474999999999999, -1.2999997
0.25666666666666654, -1.1999997
0.2658333333333332, -1.0999997
0.27499999999999986, -0.99999964
0.2841666666666665, -0.8999996
0.29333333333333317, -0.7999996
0.3024999999999998, -0.6999996
0.3116666666666665, -0.59999955
0.32083333333333314, -0.49999955
0.3299999999999998, -0.39999956
0.33916666666666645, -0.29999956
0.3483333333333331, -0.19999957
0.35749999999999976, -0.09999957
0.3666666666666664, 0.00000043213367
0.3758333333333331, 0.10000043
0.38499999999999973, 0.20000044
0.3941666666666664, 0.30000043
0.40333333333333304, 0.40000042
0.4124999999999997, 0.5000004
0.42166666666666636, 0.60000044
0.430833333333333, 0.70000046
0.43999999999999967, 0.8000005
0.4491666666666663, 0.9000005
0.458333333333333, 1.0000005
0.46749999999999964, 1.1000005
0.4766666666666663, 1.2000005
0.48583333333333295, 1.3000005
0.4949999999999996, 1.4000006
0.5041666666666663, 1.5000006
0.513333333333333, 1.4000006
0.5224999999999996, 1.3000005
0.5316666666666663, 1.2000005
0.5408333333333329, 1.1000005
0.5499999999999996, 1.0000005
0.5591666666666663, 0.90000045
0.5683333333333329, 0.8000004
0.5774999999999996, 0.7000004
0.5866666666666662, 0.6000004
0.5958333333333329, 0.50000036
0.6049999999999995, 0.40000036
0.6141666666666662, 0.30000037
0.6233333333333329, 0.20000038
0.6324999999999995, 0.100000374
0.6416666666666662, 0.00000037252903
0.6508333333333328, -0.09999963
0.6599999999999995, -0.19999963
0.6691666666666661, -0.29999962
0.6783333333333328, -0.39999962
0.6874999999999994, -0.4999996
0.6966666666666661, -0.5999996
0.7058333333333328, -0.69999963
0.7149999999999994, -0.79999965
0.7241666666666661, -0.8999997
0.7333333333333327, -0.9999997
0.7424999999999994, -1.0999997
0.751666666666666, -1.1999997
0.7608333333333327, -1.2999997
0.7699999999999994, -1.3999997
0.779166666666666, -1.4999998
0.7883333333333327, -1.5999998
0.7974999999999993, -1.6999998
0.806666666666666, -1.7999998
0.8158333333333326, -1.8999999
0.8249999999999993, -1.9999999
0.834166666666666, -2.1
0.8433333333333326, -2.1999998
0.8524999999999993, -2.2999997
0.8616666666666659, -2.3999996
0.8708333333333326, -2.4999995
0.8799999999999992, -2.5999994
0.8891666666666659, -2.6999993
0.8983333333333325, -2.7999992
0.9074999999999992, -2.8999991
0.9166666666666659, -2.999999
0.9258333333333325, -3.099999
0.9349999999999992, -3.1999989
0.9441666666666658, -3.2999988
0.9533333333333325, -3.3999987
0.9624999999999991, -3.4999986
0.9716666666666658, -3.5999985
0.9808333333333324, -3.6999984
0.9899999999999991, -3.7999983
0.9991666666666658, -3.8999982
1.0083333333333324, -3.999998
0.009166666666666667, -4.099998
0.018333333333333333, -3.999998
0.0275, -3.8999982
0.03666666666666667, -3.7999983
0.04583333333333334, -3.6999984
0.05500000000000001, -3.5999985
0.06416666666666668, -3.4999986
0.07333333333333335, -3.3999987
0.08250000000000002, -3.2999988
0.09166666666666669, -3.1999989
0.10083333333333336, -3.099999
0.11000000000000003, -2.999999
0.1191666666666667, -2.8999991
0.12833333333333335, -2.7999992
0.1375, -2.6999993
0.14666666666666667, -2.5999994
0.15583333333333332, -2.4999995
0.16499999999999998, -2.3999996
0.17416666666666664, -2.2999997
0.1833333333333333, -2.1999998
0.19249999999999995, -2.1
0.2016666666666666, -1.9999999
0.21083333333333326, -1.8999999
0.21999999999999992, -1.7999998
0.22916666666666657, -1.6999998
0.23833333333333323, -1.5999998
0.2474999999999999, -1.4999998
0.25666666666666654, -1.3999997
0.2658333333333332, -1.2999997
0.27499999999999986, -1.1999997
0.2841666666666665, -1.0999997
0.29333333333333317, -0.99999964
0.3024999999999998, -0.8999996
0.3116666666666665, -0.7999996
0.32083333333333314, -0.6999996
0.3299999999999998, -0.59999955
0.33916666666666645, -0.49999955
0.3483333333333331, -0.39999956
0.35749999999999976, -0.29999956
0.3666666666666664, -0.19999957
0.3758333333333331, -0.09999957
0.38499999999999973, 0.00000043213367
0.3941666666666664, 0.10000043
0.40333333333333304, 0.20000044
0.4124999999999997, 0.30000043
0.42166666666666636, 0.40000042
0.430833333333333, 0.5000004
0.43999999999999967, 0.60000044
0.4491666666666663, 0.70000046
0.458333333333333, 0.8000005
0.46749999999999964, 0.9000005
0.4766666666666663, 1.0000005
0.48583333333333295, 1.1000005
0.4949999999999996, 1.2000005
0.5041666666666663, 1.3000005
0.513333333333333, 1.2000005
0.5224999999999996, 1.1000005
0.5316666666666663, 1.0000005
0.5408333333333329, 0.90000045
0.5499999999999996, 0.8000004
0.5591666666666663, 0.7000004
0.5683333333333329, 0.6000004
0.5774999999999996, 0.50000036
0.5866666666666662, 0.40000036
0.5958333333333329, 0.30000037
0.6049999999999995, 0.20000038
0.6141666666666662, 0.100000374
0.6233333333333329, 0.00000037252903
0.6324999999999995, -0.09999963
0.6416666666666662, -0.19999963
0.6508333333333328, -0.29999962
0.6599999999999995, -0.39999962
0.6691666666666661, -0.4999996
0.6783333333333328, -0.5999996
0.6874999999999994, -0.69999963
0.6966666666666661, -0.79999965
0.7058333333333328, -0.8999997
0.7149999999999994, -0.9999997
0.7241666666666661, -1.0999997
0.7333333333333327, -1.1999997
0.7424999999999994, -1.2999997
0.751666666666666, -1.3999997
0.7608333333333327, -1.4999998
0.7699999999999994, -1.5999998
0.779166666666666, -1.6999998
0.7883333333333327, -1.7999998
0.7974999999999993, -1.8999999
0.806666666666666, -1.9999999
0.8158333333333326, -2.1
0.8249999999999993, -2.1999998
0.834166666666666, -2.2999997
0.8433333333333326, -2.3999996
0.8524999999999993, -2.4999995
0.8616666666666659, -2.5999994
0.8708333333333326, -2.6999993
0.8799999999999992, -2.7999992
0.8891666666666659, -2.8999991
0.8983333333333325, -2.999999
0.9074999999999992, -3.099999
0.9166666666666659, -3.1999989
0.9258333333333325, -3.2999988
0.9349999999999992, -3.3999987
0.9441666666666658, -3.4999986
0.9533333333333325, -3.5999985
0.9624999999999991, -3.6999984
0.9716666666666658, -3.7999983
0.9808333333333324, -3.8999982
0.9899999999999991, -3.999998
0.9991666666666658, -4.099998
1.0083333333333324, -4.199998
0.009166666666666667, -4.299998
0.018333333333333333, -4.199998
0.0275, -4.099998
0.03666666666666667, -3.999998
0.04583333333333334, -3.8999982
0.05500000000000001, -3.7999983
0.06416666666666668, -3.6999984
0.07333333333333335, -3.5999985
0.08250000000000002, -3.4999986
0.09166666666666669, -3.3999987
0.10083333333333336, -3.2999988
0.11000000000000003, -3.1999989
0.1191666666666667, -3.099999
0.12833333333333335, -2.999999
0.1375, -2.8999991
0.14666666666666667, -2.7999992
0.15583333333333332, -2.6999993
0.16499999999999998, -2.5999994
0.17416666666666664, -2.4999995
0.1833333333333333, -2.3999996
0.19249999999999995, -2.2999997
0.2016666666666666, -2.1999998
0.21083333333333326, -2.1
0.21999999999999992, -1.9999999
0.22916666666666657, -1.8999999
0.23833333333333323, -1.7999998
0.2474999999999999, -1.6999998
0.25666666666666654, -1.5999998
0.2658333333333332, -1.4999998
0.27499999999999986, -1.3999997
0.2841666666666665, -1.2999997
0.29333333333333317, -1.1999997
0.3024999999999998, -1.0999997
0.3116666666666665, -0.99999964
0.32083333333333314, -0.8999996
0.3299999999999998, -0.7999996
0.33916666666666645, -0.6999996
0.3483333333333331, -0.59999955
0.35749999999999976, -0.49999955
0.3666666666666664, -0.39999956
0.3758333333333331, -0.29999956
0.38499999999999973, -0.19999957
0.3941666666666664, -0.09999957
0.40333333333333304, 0.00000043213367
0.4124999999999997, 0.10000043
0.42166666666666636, 0.20000044
0.430833333333333, 0.30000043
0.43999999999999967, 0.40000042
0.4491666666666663, 0.5000004
0.458333333333333, 0.60000044
0.46749999999999964, 0.70000046
0.4766666666666663, 0.8000005
0.48583333333333295, 0.9000005
0.4949999999999996, 1.0000005
0.5041666666666663, 1.1000005
0.513333333333333, 1.0000005
0.5224999999999996, 0.90000045
0.5316666666666663, 0.8000004
0.5408333333333329, 0.7000004
0.5499999999999996, 0.6000004
0.5591666666666663, 0.50000036
0.5683333333333329, 0.40000036
0.5774999999999996, 0.30000037
0.5866666666666662, 0.20000038
0.5958333333333329, 0.100000374
0.6049999999999995, 0.00000037252903
0.6141666666666662, -0.09999963
0.6233333333333329, -0.19999963
0.6324999999999995, -0.29999962
0.6416666666666662, -0.39999962
0.6508333333333328, -0.4999996
0.6599999999999995, -0.5999996
0.6691666666666661, -0.69999963
0.6783333333333328, -0.79999965
0.6874999999999994, -0.8999997
0.6966666666666661, -0.9999997
0.7058333333333328, -1.0999997
0.7149999999999994, -1.1999997
0.7241666666666661, -1.2999997
0.7333333333333327, -1.3999997
0.7424999999999994, -1.4999998
0.751666666666666, -1.5999998
0.7608333333333327, -1.6999998
0.7699999999999994, -1.7999998
0.779166666666666, -1.8999999
0.7883333333333327, -1.9999999
0.7974999999999993, -2.1
0.806666666666666, -2.1999998
0.8158333333333326, -2.2999997
0.8249999999999993, -2.3999996
0.834166666666666, -2.4999995
0.8433333333333326, -2.5999994
0.8524999999999993, -2.6999993
0.8616666666666659, -2.7999992
0.8708333333333326, -2.8999991
0.8799999999999992, -2.999999
0.8891666666666659, -3.099999
0.8983333333333325, -3.1999989
0.9074999999999992, -3.2999988
0.9166666666666659, -3.3999987
0.9258333333333325, -3.4999986
0.9349999999999992, -3.5999985
0.9441666666666658, -3.6999984
0.9533333333333325, -3.7999983
0.9624999999999991, -3.8999982
0.9716666666666658, -3.999998
0.9808333333333324, -4.099998
0.9899999999999991, -4.199998
0.9991666666666658, -4.299998
1.0083333333333324, -4.3999977
0.009166666666666667, -4.4999976
0.018333333333333333, -4.3999977
0.0275, -4.299998
0.03666666666666667, -4.199998
0.04583333333333334, -4.099998
0.05500000000000001, -3.999998
0.06416666666666668, -3.8999982
0.07333333333333335, -3.7999983
0.08250000000000002, -3.6999984
0.09166666666666669, -3.5999985
0.10083333333333336, -3.4999986
0.11000000000000003, -3.3999987
0.1191666666666667, -3.2999988
0.12833333333333335, -3.1999989
0.1375, -3.099999
0.14666666666666667, -2.999999
0.15583333333333332, -2.8999991
0.16499999999999998, -2.7999992
0.17416666666666664, -2.6999993
0.1833333333333333, -2.5999994
0.19249999999999995, -2.4999995
0.2016666666666666, -2.3999996
0.21083333333333326, -2.2999997
0.21999999999999992, -2.1999998
0.22916666666666657, -2.1
0.23833333333333323, -1.9999999
0.2474999999999999, -1.8999999
0.25666666666666654, -1.7999998
0.2658333333333332, -1.6999998
0.27499999999999986, -1.5999998
0.2841666666666665, -1.4999998
0.29333333333333317, -1.3999997
0.3024999999999998, -1.2999997
0.3116666666666665, -1.1999997
0.32083333333333314, -1.0999997
0.3299999999999998, -0.99999964
0.33916666666666645, -0.8999996
0.3483333333333331, -0.7999996
0.35749999999999976, -0.6999996
0.3666666666666664, -0.59999955
0.3758333333333331, -0.49999955
0.38499999999999973, -0.39999956
0.3941666666666664, -0.29999956
0.40333333333333304, -0.19999957
0.4124999999999997, -0.09999957
0.42166666666666636, 0.00000043213367
0.430833333333333, 0.10000043
0.43999999999999967, 0.20000044
0.4491666666666663, 0.30000043
0.458333333333333, 0.40000042
0.46749999999999964, 0.5000004
0.4766666666666663, 0.60000044
0.48583333333333295, 0.70000046
0.4949999999999996, 0.8000005
0.5041666666666663, 0.9000005
0.513333333333333, 0.8000005
0.5224999999999996, 0.70000046
0.5316666666666663, 0.60000044
0.5408333333333329, 0.5000004
0.5499999999999996, 0.40000042
0.5591666666666663, 0.30000043
0.5683333333333329, 0.20000044
0.5774999999999996, 0.10000043
0.5866666666666662, 0.00000043213367
0.5958333333333329, -0.09999957
0.6049999999999995, -0.19999957
0.6141666666666662, -0.29999956
0.6233333333333329, -0.39999956
0.6324999999999995, -0.49999955
0.6416666666666662, -0.59999955
0.6508333333333328, -0.6999996
0.6599999999999995, -0.7999996
0.6691666666666661, -0.8999996
0.6783333333333328, -0.99999964
0.6874999999999994, -1.0999997
0.6966666666666661, -1.1999997
0.7058333333333328, -1.2999997
0.7149999999999994, -1.3999997
0.7241666666666661, -1.4999998
0.7333333333333327, -1.5999998
0.7424999999999994, -1.6999998
0.751666666666666, -1.7999998
0.7608333333333327, -1.8999999
0.7699999999999994, -1.9999999
0.779166666666666, -2.1
0.7883333333333327, -2.1999998
0.7974999999999993, -2.2999997
0.806666666666666, -2.3999996
0.8158333333333326, -2.4999995
0.8249999999999993, -2.5999994
0.834166666666666, -2.6999993
0.8433333333333326, -2.7999992
0.8524999999999993, -2.8999991
0.8616666666666659, -2.999999
0.8708333333333326, -3.099999
0.8799999999999992, -3.1999989
0.8891666666666659, -3.2999988
0.8983333333333325, -3.3999987
0.9074999999999992, -3.4999986
0.9166666666666659, -3.5999985
0.9258333333333325, -3.6999984
0.9349999999999992, -3.7999983
0.9441666666666658, -3.8999982
0.9533333333333325, -3.999998
0.9624999999999991, -4.099998
0.9716666666666658, -4.199998
0.9808333333333324, -4.299998
0.9899999999999991, -4.3999977
0.9991666666666658, -4.4999976
1.0083333333333324, -4.5999975
0.009166666666666667, -4.6999974
0.018333333333333333, -4.5999975
0.0275, -4.4999976
0.03666666666666667, -4.3999977
0.04583333333333334, -4.299998
0.05500000000000001, -4.199998
0.06416666666666668, -4.099998
0.07333333333333335, -3.999998
0.08250000000000002, -3.8999982
0.09166666666666669, -3.7999983
0.10083333333333336, -3.6999984
0.11000000000000003, -3.5999985
0.1191666666666667, -3.4999986
0.12833333333333335, -3.3999987
0.1375, -3.2999988
0.14666666666666667, -3.1999989
0.15583333333333332, -3.099999
0.16499999999999998, -2.999999
0.17416666666666664, -2.8999991
0.1833333333333333, -2.7999992
0.19249999999999995, -2.6999993
0.2016666666666666, -2.5999994
0.21083333333333326, -2.4999995
0.21999999999999992, -2.3999996
0.22916666666666657, -2.2999997
0.23833333333333323, -2.1999998
0.2474999999999999, -2.1
0.25666666666666654, -1.9999999
0.2658333333333332, -1.8999999
0.27499999999999986, -1.7999998
0.2841666666666665, -1.6999998
0.29333333333333317, -1.5999998
0.3024999999999998, -1.4999998
0.3116666666666665, -1.3999997
0.32083333333333314, -1.2999997
0.3299999999999998, -1.1999997
0.33916666666666645, -1.0999997
0.3483333333333331, -0.99999964
0.35749999999999976, -0.8999996
0.3666666666666664, -0.7999996
0.3758333333333331, -0.6999996
0.38499999999999973, -0.59999955
0.3941666666666664, -0.49999955
0.40333333333333304, -0.39999956
0.4124999999999997, -0.29999956
0.42166666666666636, -0.19999957
0.430833333333333, -0.09999957
0.43999999999999967, 0.00000043213367
0.4491666666666663, 0.10000043
0.458333333333333, 0.20000044
0.46749999999999964, 0.30000043
0.4766666666666663, 0.40000042
0.48583333333333295, 0.5000004
0.4949999999999996, 0.60000044
0.5041666666666663, 0.70000046
0.513333333333333, 0.60000044
0.5224999999999996, 0.5000004
0.5316666666666663, 0.40000042
0.5408333333333329, 0.30000043
0.5499999999999996, 0.20000044
0.5591666666666663, 0.10000043
0.5683333333333329, 0.00000043213367
0.5774999999999996, -0.09999957
0.5866666666666662, -0.19999957
0.5958333333333329, -0.29999956
0.6049999999999995, -0.39999956
0.6141666666666662, -0.49999955
0.6233333333333329, -0.59999955
0.6324999999999995, -0.6999996
0.6416666666666662, -0.7999996
0.6508333333333328, -0.8999996
0.6599999999999995, -0.99999964
0.6691666666666661, -1.0999997
0.6783333333333328, -1.1999997
0.6874999999999994, -1.2999997
0.6966666666666661, -1.3999997
0.7058333333333328, -1.4999998
0.7149999999999994, -1.5999998
0.7241666666666661, -1.6999998
0.7333333333333327, -1.7999998
0.7424999999999994, -1.8999999
0.751666666666666, -1.9999999
0.7608333333333327, -2.1
0.7699999999999994, -2.1999998
0.779166666666666, -2.2999997
0.7883333333333327, -2.3999996
0.7974999999999993, -2.4999995
0.806666666666666, -2.5999994
0.8158333333333326, -2.6999993
0.8249999999999993, -2.7999992
0.834166666666666, -2.8999991
0.8433333333333326, -2.999999
0.8524999999999993, -3.099999
0.8616666666666659, -3.1999989
0.8708333333333326, -3.2999988
0.8799999999999992, -3.3999987
0.8891666666666659, -3.4999986
0.8983333333333325, -3.5999985
0.9074999999999992, -3.6999984
0.9166666666666659, -3.7999983
0.9258333333333325, -3.8999982
0.9349999999999992, -3.999998
0.9441666666666658, -4.099998
0.9533333333333325, -4.199998
0.9624999999999991, -4.299998
0.9716666666666658, -4.3999977
0.9808333333333324, -4.4999976
0.9899999999999991, -4.5999975
0.9991666666666658, -4.6999974
1.0083333333333324, -4.7999973
0.009166666666666667, -4.899997
0.018333333333333333, -4.7999973
0.0275, -4.6999974
0.03666666666666667, -4.5999975
0.04583333333333334, -4.4999976
0.05500000000000001, -4.3999977
0.06416666666666668, -4.299998
0.07333333333333335, -4.199998
0.08250000000000002, -4.099998
0.09166666666666669, -3.999998
0.10083333333333336, -3.8999982
0.11000000000000003, -3.7999983
0.1191666666666667, -3.6999984
0.12833333333333335, -3.5999985
0.1375, -3.4999986
0.14666666666666667, -3.3999987
0.15583333333333332, -3.2999988
0.16499999999999998, -3.1999989
0.17416666666666664, -3.099999
0.1833333333333333, -2.999999
0.19249999999999995, -2.8999991
0.2016666666666666, -2.7999992
0.21083333333333326, -2.6999993
0.21999999999999992, -2.5999994
0.22916666666666657, -2.4999995
0.23833333333333323, -2.3999996
0.2474999999999999, -2.2999997
0.25666666666666654, -2.1999998
0.2658333333333332, -2.1
0.27499999999999986, -1.9999999
0.2841666666666665, -1.8999999
0.29333333333333317, -1.7999998
0.3024999999999998, -1.6999998
0.3116666666666665, -1.5999998
0.32083333333333314, -1.4999998
0.3299999999999998, -1.3999997
0.33916666666666645, -1.2999997
0.3483333333333331, -1.1999997
0.35749999999999976, -1.0999997
0.3666666666666664, -0.99999964
0.3758333333333331, -0.8999996
0.38499999999999973, -0.7999996
0.3941666666666664, -0.6999996
0.40333333333333304, -0.59999955
0.4124999999999997, -0.49999955
0.42166666666666636, -0.39999956
0.430833333333333, -0.29999956
0.43999999999999967, -0.19999957
0.4491666666666663, -0.09999957
0.458333333333333, 0.00000043213367
0.46749999999999964, 0.10000043
0.4766666666666663, 0.20000044
0.48583333333333295, 0.30000043
0.4949999999999996, 0.40000042
0.5041666666666663, 0.5000004
0.513333333333333, 0.40000042
0.5224999999999996, 0.30000043
0.5316666666666663, 0.20000044
0.5408333333333329, 0.10000043
0.5499999999999996, 0.00000043213367
0.5591666666666663, -0.09999957
0.5683333333333329, -0.19999957
0.5774999999999996, -0.29999956
0.5866666666666662, -0.39999956
0.5958333333333329, -0.49999955
0.6049999999999995, -0.59999955
0.6141666666666662, -0.6999996
0.6233333333333329, -0.7999996
0.6324999999999995, -0.8999996
0.6416666666666662, -0.99999964
0.6508333333333328, -1.0999997
0.6599999999999995, -1.1999997
0.6691666666666661, -1.2999997
0.6783333333333328, -1.3999997
0.6874999999999994, -1.4999998
0.6966666666666661, -1.5999998
0.7058333333333328, -1.6999998
0.7149999999999994, -1.7999998
0.7241666666666661, -1.8999999
0.7333333333333327, -1.9999999
0.7424999999999994, -2.1
0.751666666666666, -2.1999998
0.7608333333333327, -2.2999997
0.7699999999999994, -2.3999996
0.779166666666666, -2.4999995
0.7883333333333327, -2.5999994
0.7974999999999993, -2.6999993
0.806666666666666, -2.7999992
0.8158333333333326, -2.8999991
0.8249999999999993, -2.999999
0.834166666666666, -3.099999
0.8433333333333326, -3.1999989
0.8524999999999993, -3.2999988
0.8616666666666659, -3.3999987
0.8708333333333326, -3.4999986
0.8799999999999992, -3.5999985
0.8891666666666659, -3.6999984
0.8983333333333325, -3.7999983
0.9074999999999992, -3.8999982
0.9166666666666659, -3.999998
0.9258333333333325, -4.099998
0.9349999999999992, -4.199998
0.9441666666666658, -4.299998
0.9533333333333325, -4.3999977
0.9624999999999991, -4.4999976
0.9716666666666658, -4.5999975
0.9808333333333324, -4.6999974
0.9899999999999991, -4.7999973
0.9991666666666658, -4.899997
1.0083333333333324, -4.999997
0.009166666666666667, -5.099997
0.018333333333333333, -4.999997
0.0275, -4.899997
0.03666666666666667, -4.7999973
0.04583333333333334, -4.6999974
0.05500000000000001, -4.5999975
0.06416666666666668, -4.4999976
0.07333333333333335, -4.3999977
0.08250000000000002, -4.299998
0.09166666666666669, -4.199998
0.10083333333333336, -4.099998
0.11000000000000003, -3.999998
0.1191666666666667, -3.8999982
0.12833333333333335, -3.7999983
0.1375, -3.6999984
0.14666666666666667, -3.5999985
0.15583333333333332, -3.4999986
0.16499999999999998, -3.3999987
0.17416666666666664, -3.2999988
0.1833333333333333, -3.1999989
0.19249999999999995, -3.099999
0.2016666666666666, -2.999999
0.21083333333333326, -2.8999991
0.21999999999999992, -2.7999992
0.22916666666666657, -2.6999993
0.23833333333333323, -2.5999994
0.2474999999999999, -2.4999995
0.25666666666666654, -2.3999996
0.2658333333333332, -2.2999997
0.27499999999999986, -2.1999998
0.2841666666666665, -2.1
0.29333333333333317, -1.9999999
0.3024999999999998, -1.8999999
0.3116666666666665, -1.7999998
0.32083333333333314, -1.6999998
0.3299999999999998, -1.5999998
0.33916666666666645, -1.4999998
0.3483333333333331, -1.3999997
0.35749999999999976, -1.2999997
0.3666666666666664, -1.1999997
0.3758333333333331, -1.0999997
0.38499999999999973, -0.99999964
0.3941666666666664, -0.8999996
0.40333333333333304, -0.7999996
0.4124999999999997, -0.6999996
0.42166666666666636, -0.59999955
0.430833333333333, -0.49999955
0.43999999999999967, -0.39999956
0.4491666666666663, -0.29999956
0.458333333333333, -0.19999957
0.46749999999999964, -0.09999957
0.4766666666666663, 0.00000043213367
0.48583333333333295, 0.10000043
0.4949999999999996, 0.20000044
0.5041666666666663, 0.30000043
0.513333333333333, 0.20000044
0.5224999999999996, 0.10000043
0.5316666666666663, 0.00000043213367
0.5408333333333329, -0.09999957
0.5499999999999996, -0.19999957
0.5591666666666663, -0.29999956
0.5683333333333329, -0.39999956
0.5774999999999996, -0.49999955
0.5866666666666662, -0.59999955
0.5958333333333329, -0.6999996
0.6049999999999995, -0.7999996
0.6141666666666662, -0.8999996
0.6233333333333329, -0.99999964
0.6324999999999995, -1.0999997
0.6416666666666662, -1.1999997
0.6508333333333328, -1.2999997
0.6599999999999995, -1.3999997
0.6691666666666661, -1.4999998
0.6783333333333328, -1.5999998
0.6874999999999994, -1.6999998
0.6966666666666661, -1.7999998
0.7058333333333328, -1.8999999
0.7149999999999994, -1.9999999
0.7241666666666661, -2.1
0.7333333333333327, -2.1999998
0.7424999999999994, -2.2999997
0.751666666666666, -2.3999996
0.7608333333333327, -2.4999995
0.7699999999999994, -2.5999994
0.779166666666666, -2.6999993
0.7883333333333327, -2.7999992
0.7974999999999993, -2.8999991
0.806666666666666, -2.999999
0.8158333333333326, -3.099999
0.8249999999999993, -3.1999989
0.834166666666666, -3.2999988
0.8433333333333326, -3.3999987
0.8524999999999993, -3.4999986
0.8616666666666659, -3.5999985
0.8708333333333326, -3.6999984
0.8799999999999992, -3.7999983
0.8891666666666659, -3.8999982
0.8983333333333325, -3.999998
0.9074999999999992, -4.099998
0.9166666666666659, -4.199998
0.9258333333333325, -4.299998
0.9349999999999992, -4.3999977
0.9441666666666658, -4.4999976
0.9533333333333325, -4.5999975
0.9624999999999991, -4.6999974
0.9716666666666658, -4.7999973
0.9808333333333324, -4.899997
0.9899999999999991, -4.999997
0.9991666666666658, -5.099997
1.0083333333333324, -5.199997
0.009166666666666667, -5.299997
0.018333333333333333, -5.199997
0.0275, -5.099997
0.03666666666666667, -4.999997
0.04583333333333334, -4.899997
0.05500000000000001, -4.7999973
0.06416666666666668, -4.6999974
0.07333333333333335, -4.5999975
0.08250000000000002, -4.4999976
0.09166666666666669, -4.3999977
0.10083333333333336, -4.299998
0.11000000000000003, -4.199998
0.1191666666666667, -4.099998
0.12833333333333335, -3.999998
0.1375, -3.8999982
0.14666666666666667, -3.7999983
0.15583333333333332, -3.6999984
0.16499999999999998, -3.5999985
0.17416666666666664, -3.4999986
0.1833333333333333, -3.3999987
0.19249999999999995, -3.2999988
0.2016666666666666, -3.1999989
0.21083333333333326, -3.099999
0.21999999999999992, -2.999999
0.22916666666666657, -2.8999991
0.23833333333333323, -2.7999992
0.2474999999999999, -2.6999993
0.25666666666666654, -2.5999994
0.2658333333333332, -2.4999995
0.27499999999999986, -2.3999996
0.2841666666666665, -2.2999997
0.29333333333333317, -2.1999998
0.3024999999999998, -2.1
0.3116666666666665, -1.9999999
0.32083333333333314, -1.8999999
0.3299999999999998, -1.7999998
0.33916666666666645, -1.6999998
0.3483333333333331, -1.5999998
0.35749999999999976, -1.4999998
0.3666666666666664, -1.3999997
0.3758333333333331, -1.2999997
0.38499999999999973, -1.1999997
0.3941666666666664, -1.0999997
0.40333333333333304, -0.99999964
0.4124999999999997, -0.8999996
0.42166666666666636, -0.7999996
0.430833333333333, -0.6999996
0.43999999999999967, -0.59999955
0.4491666666666663, -0.49999955
0.458333333333333, -0.39999956
0.46749999999999964, -0.29999956
0.4766666666666663, -0.19999957
0.48583333333333295, -0.09999957
0.4949999999999996, 0.00000043213367
0.5041666666666663, 0.10000043
0.513333333333333, 0.00000043213367
0.5224999999999996, -0.09999957
0.5316666666666663, -0.19999957
0.5408333333333329, -0.29999956
0.5499999999999996, -0.39999956
0.5591666666666663, -0.49999955
0.5683333333333329, -0.59999955
0.5774999999999996, -0.6999996
0.5866666666666662, -0.7999996
0.5958333333333329, -0.8999996
0.6049999999999995, -0.99999964
0.6141666666666662, -1.0999997
0.6233333333333329, -1.1999997
0.6324999999999995, -1.2999997
0.6416666666666662, -1.3999997
0.6508333333333328, -1.4999998
0.6599999999999995, -1.5999998
0.6691666666666661, -1.6999998
0.6783333333333328, -1.7999998
0.6874999999999994, -1.8999999
0.6966666666666661, -1.9999999
0.7058333333333328, -2.1
0.7149999999999994, -2.1999998
0.7241666666666661, -2.2999997
0.7333333333333327, -2.3999996
0.7424999999999994, -2.4999995
0.751666666666666, -2.5999994
0.7608333333333327, -2.6999993
0.7699999999999994, -2.7999992
0.779166666666666, -2.8999991
0.7883333333333327, -2.999999
0.7974999999999993, -3.099999
0.806666666666666, -3.1999989
0.8158333333333326, -3.2999988
0.8249999999999993, -3.3999987
0.834166666666666, -3.4999986
0.8433333333333326, -3.5999985
0.8524999999999993, -3.6999984
0.8616666666666659, -3.7999983
0.8708333333333326, -3.8999982
0.8799999999999992, -3.999998
0.8891666666666659, -4.099998
0.8983333333333325, -4.199998
0.9074999999999992, -4.299998
0.9166666666666659, -4.3999977
0.9258333333333325, -4.4999976
0.9349999999999992, -4.5999975
0.9441666666666658, -4.6999974
0.9533333333333325, -4.7999973
0.9624999999999991, -4.899997
0.9716666666666658, -4.999997
0.9808333333333324, -5.099997
0.9899999999999991, -5.199997
0.9991666666666658, -5.299997
1.0083333333333324, -5.3999968
0.009166666666666667, -5.4999967
0.018333333333333333, -5.3999968
0.0275, -5.299997
0.03666666666666667, -5.199997
0.04583333333333334, -5.099997
0.05500000000000001, -4.999997
0.06416666666666668, -4.899997
0.07333333333333335, -4.7999973
0.08250000000000002, -4.6999974
0.09166666666666669, -4.5999975
0.10083333333333336, -4.4999976
0.11000000000000003, -4.3999977
0.1191666666666667, -4.299998
0.12833333333333335, -4.199998
0.1375, -4.099998
0.14666666666666667, -3.999998
0.15583333333333332, -3.8999982
0.16499999999999998, -3.7999983
0.17416666666666664, -3.6999984
0.1833333333333333, -3.5999985
0.19249999999999995, -3.4999986
0.2016666666666666, -3.3999987
0.21083333333333326, -3.2999988
0.21999999999999992, -3.1999989
0.22916666666666657, -3.099999
0.23833333333333323, -2.999999
0.2474999999999999, -2.8999991
0.25666666666666654, -2.7999992
0.2658333333333332, -2.6999993
0.27499999999999986, -2.5999994
0.2841666666666665, -2.4999995
0.29333333333333317, -2.3999996
0.3024999999999998, -2.2999997
0.3116666666666665, -2.1999998
0.32083333333333314, -2.1
0.3299999999999998, -1.9999999
0.33916666666666645, -1.8999999
0.3483333333333331, -1.7999998
0.35749999999999976, -1.6999998
0.3666666666666664, -1.5999998
0.3758333333333331, -1.4999998
0.38499999999999973, -1.3999997
0.3941666666666664, -1.2999997
0.40333333333333304, -1.1999997
0.4124999999999997, -1.0999997
0.42166666666666636, -0.99999964
0.430833333333333, -0.8999996
0.43999999999999967, -0.7999996
0.4491666666666663, -0.6999996
0.458333333333333, -0.59999955
0.46749999999999964, -0.49999955
0.4766666666666663, -0.39999956
0.48583333333333295, -0.29999956
0.4949999999999996, -0.19999957
0.5041666666666663, -0.09999957
0.513333333333333, -0.19999957
0.5224999999999996, -0.29999956
0.5316666666666663, -0.39999956
0.5408333333333329, -0.49999955
0.5499999999999996, -0.59999955
0.5591666666666663, -0.6999996
0.5683333333333329, -0.7999996
0.5774999999999996, -0.8999996
0.5866666666666662, -0.99999964
0.5958333333333329, -1.0999997
0.6049999999999995, -1.1999997
0.6141666666666662, -1.2999997
0.6233333333333329, -1.3999997
0.6324999999999995, -1.4999998
0.6416666666666662, -1.5999998
0.6508333333333328, -1.6999998
0.6599999999999995, -1.7999998
0.6691666666666661, -1.8999999
0.6783333333333328, -1.9999999
0.6874999999999994, -2.1
0.6966666666666661, -2.1999998
0.7058333333333328, -2.2999997
0.7149999999999994, -2.3999996
0.7241666666666661, -2.4999995
0.7333333333333327, -2.5999994
0.7424999999999994, -2.6999993
0.751666666666666, -2.7999992
0.7608333333333327, -2.8999991
0.7699999999999994, -2.999999
0.779166666666666, -3.099999
0.7883333333333327, -3.1999989
0.7974999999999993, -3.2999988
0.806666666666666, -3.3999987
0.8158333333333326, -3.4999986
0.8249999999999993, -3.5999985
0.834166666666666, -3.6999984
0.8433333333333326, -3.7999983
0.8524999999999993, -3.8999982
0.8616666666666659, -3.999998
0.8708333333333326, -4.099998
0.8799999999999992, -4.199998
0.8891666666666659, -4.299998
0.8983333333333325, -4.3999977
0.9074999999999992, -4.4999976
0.9166666666666659, -4.5999975
0.9258333333333325, -4.6999974
0.9349999999999992, -4.7999973
0.9441666666666658, -4.899997
0.9533333333333325, -4.999997
0.9624999999999991, -5.099997
0.9716666666666658, -5.199997
0.9808333333333324, -5.299997
0.9899999999999991, -5.3999968
0.9991666666666658, -5.4999967
1.0083333333333324, -5.5999966
0.009166666666666667, -5.6999965
0.018333333333333333, -5.5999966
0.0275, -5.4999967
0.03666666666666667, -5.3999968
0.04583333333333334, -5.299997
0.05500000000000001, -5.199997
0.06416666666666668, -5.099997
0.07333333333333335, -4.999997
0.08250000000000002, -4.899997
0.09166666666666669, -4.7999973
0.10083333333333336, -4.6999974
0.11000000000000003, -4.5999975
0.1191666666666667, -4.4999976
0.12833333333333335, -4.3999977
0.1375, -4.299998
0.14666666666666667, -4.199998
0.15583333333333332, -4.099998
0.16499999999999998, -3.999998
0.17416666666666664, -3.8999982
0.1833333333333333, -3.7999983
0.19249999999999995, -3.6999984
0.2016666666666666, -3.5999985
0.21083333333333326, -3.4999986
0.21999999999999992, -3.3999987
0.22916666666666657, -3.2999988
0.23833333333333323, -3.1999989
0.2474999999999999, -3.099999
0.25666666666666654, -2.999999
0.2658333333333332, -2.8999991
0.27499999999999986, -2.7999992
0.2841666666666665, -2.6999993
0.29333333333333317, -2.5999994
0.3024999999999998, -2.4999995
0.3116666666666665, -2.3999996
0.32083333333333314, -2.2999997
0.3299999999999998, -2.1999998
0.33916666666666645, -2.1
0.3483333333333331, -1.9999999
0.35749999999999976, -1.8999999
0.3666666666666664, -1.7999998
0.3758333333333331, -1.6999998
0.38499999999999973, -1.5999998
0.3941666666666664, -1.4999998
0.40333333333333304, -1.3999997
0.4124999999999997, -1.2999997
0.42166666666666636, -1.1999997
0.430833333333333, -1.0999997
0.43999999999999967, -0.99999964
0.4491666666666663, -0.8999996
0.458333333333333, -0.7999996
0.46749999999999964, -0.6999996
0.4766666666666663, -0.59999955
0.48583333333333295, -0.49999955
0.4949999999999996, -0.39999956
0.5041666666666663, -0.29999956
0.513333333333333, -0.39999956
0.5224999999999996, -0.49999955
0.5316666666666663, -0.59999955
0.5408333333333329, -0.6999996
0.5499999999999996, -0.7999996
0.5591666666666663, -0.8999996
0.5683333333333329, -0.99999964
0.5774999999999996, -1.0999997
0.5866666666666662, -1.1999997
0.5958333333333329, -1.2999997
0.6049999999999995, -1.3999997
0.6141666666666662, -1.4999998
0.6233333333333329, -1.5999998
0.6324999999999995, -1.6999998
0.6416666666666662, -1.7999998
0.6508333333333328, -1.8999999
0.6599999999999995, -1.9999999
0.6691666666666661, -2.1
0.6783333333333328, -2.1999998
0.6874999999999994, -2.2999997
0.6966666666666661, -2.3999996
0.7058333333333328, -2.4999995
0.7149999999999994, -2.5999994
0.7241666666666661, -2.6999993
0.7333333333333327, -2.7999992
0.7424999999999994, -2.8999991
0.751666666666666, -2.999999
0.7608333333333327, -3.099999
0.7699999999999994, -3.1999989
0.779166666666666, -3.2999988
0.7883333333333327, -3.3999987
0.7974999999999993, -3.4999986
0.806666666666666, -3.5999985
0.8158333333333326, -3.6999984
0.8249999999999993, -3.7999983
0.834166666666666, -3.8999982
0.8433333333333326, -3.999998
0.8524999999999993, -4.099998
0.8616666666666659, -4.199998
0.8708333333333326, -4.299998
0.8799999999999992, -4.3999977
0.8891666666666659, -4.4999976
0.8983333333333325, -4.5999975
0.9074999999999992, -4.6999974
0.9166666666666659, -4.7999973
0.9258333333333325, -4.899997
0.9349999999999992, -4.999997
0.9441666666666658, -5.099997
0.9533333333333325, -5.199997
0.9624999999999991, -5.299997
0.9716666666666658, -5.3999968
0.9808333333333324, -5.4999967
0.9899999999999991, -5.5999966
0.9991666666666658, -5.6999965
1.0083333333333324, -5.7999964
0.009166666666666667, -5.8999963
0.018333333333333333, -5.7999964
0.0275, -5.6999965
0.03666666666666667, -5.5999966
0.04583333333333334, -5.4999967
0.05500000000000001, -5.3999968
0.06416666666666668, -5.299997
0.07333333333333335, -5.199997
0.08250000000000002, -5.099997
0.09166666666666669, -4.999997
0.10083333333333336, -4.899997
0.11000000000000003, -4.7999973
0.1191666666666667, -4.6999974
0.12833333333333335, -4.5999975
0.1375, -4.4999976
0.14666666666666667, -4.3999977
0.15583333333333332, -4.299998
0.16499999999999998, -4.199998
0.17416666666666664, -4.099998
0.1833333333333333, -3.999998
0.19249999999999995, -3.8999982
0.2016666666666666, -3.7999983
0.21083333333333326, -3.6999984
0.21999999999999992, -3.5999985
0.22916666666666657, -3.4999986
0.23833333333333323, -3.3999987
0.2474999999999999, -3.2999988
0.25666666666666654, -3.1999989
0.2658333333333332, -3.099999
0.27499999999999986, -2.999999
0.2841666666666665, -2.8999991
0.29333333333333317, -2.7999992
0.3024999999999998, -2.6999993
0.3116666666666665, -2.5999994
0.32083333333333314, -2.4999995
0.3299999999999998, -2.3999996
0.33916666666666645, -2.2999997
0.3483333333333331, -2.1999998
0.35749999999999976, -2.1
0.3666666666666664, -1.9999999
0.3758333333333331, -1.8999999
0.38499999999999973, -1.7999998
0.3941666666666664, -1.6999998
0.40333333333333304, -1.5999998
0.4124999999999997, -1.4999998
0.42166666666666636, -1.3999997
0.430833333333333, -1.2999997
0.43999999999999967, -1.1999997
0.4491666666666663, -1.0999997
0.458333333333333, -0.99999964
0.46749999999999964, -0.8999996
0.4766666666666663, -0.7999996
0.48583333333333295, -0.6999996
0.4949999999999996, -0.59999955
0.5041666666666663, -0.49999955
0.513333333333333, -0.59999955
0.5224999999999996, -0.6999996
0.5316666666666663, -0.7999996
0.5408333333333329, -0.8999996
0.5499999999999996, -0.99999964
0.5591666666666663, -1.0999997
0.5683333333333329, -1.1999997
0.5774999999999996, -1.2999997
0.5866666666666662, -1.3999997
0.5958333333333329, -1.4999998
0.6049999999999995, -1.5999998
0.6141666666666662, -1.6999998
0.6233333333333329, -1.7999998
0.6324999999999995, -1.8999999
0.6416666666666662, -1.9999999
0.6508333333333328, -2.1
0.6599999999999995, -2.1999998
0.6691666666666661, -2.2999997
0.6783333333333328, -2.3999996
0.6874999999999994, -2.4999995
0.6966666666666661, -2.5999994
0.7058333333333328, -2.6999993
0.7149999999999994, -2.7999992
0.7241666666666661, -2.8999991
0.7333333333333327, -2.999999
0.7424999999999994, -3.099999
0.751666666666666, -3.1999989
0.7608333333333327, -3.2999988
0.7699999999999994, -3.3999987
0.779166666666666, -3.4999986
0.7883333333333327, -3.5999985
0.7974999999999993, -3.6999984
0.806666666666666, -3.7999983
0.8158333333333326, -3.8999982
0.8249999999999993, -3.999998
0.834166666666666, -4.099998
0.8433333333333326, -4.199998
0.8524999999999993, -4.299998
0.8616666666666659, -4.3999977
0.8708333333333326, -4.4999976
0.8799999999999992, -4.5999975
0.8891666666666659, -4.6999974
0.8983333333333325, -4.7999973
0.9074999999999992, -4.899997
0.9166666666666659, -4.999997
0.9258333333333325, -5.099997
0.9349999999999992, -5.199997
0.9441666666666658, -5.299997
0.9533333333333325, -5.3999968
0.9624999999999991, -5.4999967
0.9716666666666658, -5.5999966
0.9808333333333324, -5.6999965
0.9899999999999991, -5.7999964
0.9991666666666658, -5.8999963
1.0083333333333324, -5.999996
0.009166666666666667, -6.099996
0.018333333333333333, -5.999996
0.0275, -5.8999963
0.03666666666666667, -5.7999964
0.04583333333333334, -5.6999965
0.05500000000000001, -5.5999966
0.06416666666666668, -5.4999967
0.07333333333333335, -5.3999968
0.08250000000000002, -5.299997
0.09166666666666669, -5.199997
0.10083333333333336, -5.099997
0.11000000000000003, -4.999997
0.1191666666666667, -4.899997
0.12833333333333335, -4.7999973
0.1375, -4.6999974
0.14666666666666667, -4.5999975
0.15583333333333332, -4.4999976
0.16499999999999998, -4.3999977
0.17416666666666664, -4.299998
0.1833333333333333, -4.199998
0.19249999999999995, -4.099998
0.2016666666666666, -3.999998
0.21083333333333326, -3.8999982
0.21999999999999992, -3.7999983
0.22916666666666657, -3.6999984
0.23833333333333323, -3.5999985
0.2474999999999999, -3.4999986
0.25666666666666654, -3.3999987
0.2658333333333332, -3.2999988
0.27499999999999986, -3.1999989
0.2841666666666665, -3.099999
0.29333333333333317, -2.999999
0.3024999999999998, -2.8999991
0.3116666666666665, -2.7999992
0.32083333333333314, -2.6999993
0.3299999999999998, -2.5999994
0.33916666666666645, -2.4999995
0.3483333333333331, -2.3999996
0.35749999999999976, -2.2999997
0.3666666666666664, -2.1999998
0.3758333333333331, -2.1
0.38499999999999973, -1.9999999
0.3941666666666664, -1.8999999
0.40333333333333304, -1.7999998
0.4124999999999997, -1.6999998
0.42166666666666636, -1.5999998
0.430833333333333, -1.4999998
0.43999999999999967, -1.3999997
0.4491666666666663, -1.2999997
0.458333333333333, -1.1999997
0.46749999999999964, -1.0999997
0.4766666666666663, -0.99999964
0.48583333333333295, -0.8999996
0.4949999999999996, -0.7999996
0.5041666666666663, -0.6999996
0.513333333333333, -0.7999996
0.5224999999999996, -0.8999996
0.5316666666666663, -0.99999964
0.5408333333333329, -1.0999997
0.5499999999999996, -1.1999997
0.5591666666666663, -1.2999997
0.5683333333333329, -1.3999997
0.5774999999999996, -1.4999998
0.5866666666666662, -1.5999998
0.5958333333333329, -1.6999998
0.6049999999999995, -1.7999998
0.6141666666666662, -1.8999999
0.6233333333333329, -1.9999999
0.6324999999999995, -2.1
0.6416666666666662, -2.1999998
0.6508333333333328, -2.2999997
0.6599999999999995, -2.3999996
0.6691666666666661, -2.4999995
0.6783333333333328, -2.5999994
0.6874999999999994, -2.6999993
0.6966666666666661, -2.7999992
0.7058333333333328, -2.8999991
0.7149999999999994, -2.999999
0.7241666666666661, -3.099999
0.7333333333333327, -3.1999989
0.7424999999999994, -3.2999988
0.751666666666666, -3.3999987
0.7608333333333327, -3.4999986
0.7699999999999994, -3.5999985
0.779166666666666, -3.6999984
0.7883333333333327, -3.7999983
0.7974999999999993, -3.8999982
0.806666666666666, -3.999998
0.8158333333333326, -4.099998
0.8249999999999993, -4.199998
0.834166666666666, -4.299998
0.8433333333333326, -4.3999977
0.8524999999999993, -4.4999976
0.8616666666666659, -4.5999975
0.8708333333333326, -4.6999974
0.8799999999999992, -4.7999973
0.8891666666666659, -4.899997
0.8983333333333325, -4.999997
0.9074999999999992, -5.099997
0.9166666666666659, -5.199997
0.9258333333333325, -5.299997
0.9349999999999992, -5.3999968
0.9441666666666658, -5.4999967
0.9533333333333325, -5.5999966
0.9624999999999991, -5.6999965
0.9716666666666658, -5.7999964
0.9808333333333324, -5.8999963
0.9899999999999991, -5.999996
0.9991666666666658, -6.099996
1.0083333333333324, -6.199996
0.009166666666666667, -6.299996
0.018333333333333333, -6.199996
0.0275, -6.099996
0.03666666666666667, -5.999996
0.04583333333333334, -5.8999963
0.05500000000000001, -5.7999964
0.06416666666666668, -5.6999965
0.07333333333333335, -5.5999966
0.08250000000000002, -5.4999967
0.09166666666666669, -5.3999968
0.10083333333333336, -5.299997
0.11000000000000003, -5.199997
0.1191666666666667, -5.099997
0.12833333333333335, -4.999997
0.1375, -4.899997
0.14666666666666667, -4.7999973
0.15583333333333332, -4.6999974
0.16499999999999998, -4.5999975
0.17416666666666664, -4.4999976
0.1833333333333333, -4.3999977
0.19249999999999995, -4.299998
0.2016666666666666, -4.199998
0.21083333333333326, -4.099998
0.21999999999999992, -3.999998
0.22916666666666657, -3.8999982
0.23833333333333323, -3.7999983
0.2474999999999999, -3.6999984
0.25666666666666654, -3.5999985
0.2658333333333332, -3.4999986
0.27499999999999986, -3.3999987
0.2841666666666665, -3.2999988
0.29333333333333317, -3.1999989
0.3024999999999998, -3.099999
0.3116666666666665, -2.999999
0.32083333333333314, -2.8999991
0.3299999999999998, -2.7999992
0.33916666666666645, -2.6999993
0.3483333333333331, -2.5999994
0.35749999999999976, -2.4999995
0.3666666666666664, -2.3999996
0.3758333333333331, -2.2999997
0.38499999999999973, -2.1999998
0.3941666666666664, -2.1
0.40333333333333304, -1.9999999
0.4124999999999997, -1.8999999
0.42166666666666636, -1.7999998
0.430833333333333, -1.6999998
0.43999999999999967, -1.5999998
0.4491666666666663, -1.4999998
0.458333333333333, -1.3999997
0.46749999999999964, -1.2999997
0.4766666666666663, -1.1999997
0.48583333333333295, -1.0999997
0.4949999999999996, -0.99999964
0.5041666666666663, -0.8999996
0.513333333333333, -0.99999964
0.5224999999999996, -1.0999997
0.5316666666666663, -1.1999997
0.5408333333333329, -1.2999997
0.5499999999999996, -1.3999997
0.5591666666666663, -1.4999998
0.5683333333333329, -1.5999998
0.5774999999999996, -1.6999998
0.5866666666666662, -1.7999998
0.5958333333333329, -1.8999999
0.6049999999999995, -1.9999999
0.6141666666666662, -2.1
0.6233333333333329, -2.1999998
0.6324999999999995, -2.2999997
0.6416666666666662, -2.3999996
0.6508333333333328, -2.4999995
0.6599999999999995, -2.5999994
0.6691666666666661, -2.6999993
0.6783333333333328, -2.7999992
0.6874999999999994, -2.8999991
0.6966666666666661, -2.999999
0.7058333333333328, -3.099999
0.7149999999999994, -3.1999989
0.7241666666666661, -3.2999988
0.7333333333333327, -3.3999987
0.7424999999999994, -3.4999986
0.751666666666666, -3.5999985
0.7608333333333327, -3.6999984
0.7699999999999994, -3.7999983
0.779166666666666, -3.8999982
0.7883333333333327, -3.999998
0.7974999999999993, -4.099998
0.806666666666666, -4.199998
0.8158333333333326, -4.299998
0.8249999999999993, -4.3999977
0.834166666666666, -4.4999976
0.8433333333333326, -4.5999975
0.8524999999999993, -4.6999974
0.8616666666666659, -4.7999973
0.8708333333333326, -4.899997
0.8799999999999992, -4.999997
0.8891666666666659, -5.099997
0.8983333333333325, -5.199997
0.9074999999999992, -5.299997
0.9166666666666659, -5.3999968
0.9258333333333325, -5.4999967
0.9349999999999992, -5.5999966
0.9441666666666658, -5.6999965
0.9533333333333325, -5.7999964
0.9624999999999991, -5.8999963
0.9716666666666658, -5.999996
0.9808333333333324, -6.099996
0.9899999999999991, -6.199996
0.9991666666666658, -6.299996
1.0083333333333324, -6.399996
0.009166666666666667, -6.4999957
0.018333333333333333, -6.399996
0.0275, -6.299996
0.03666666666666667, -6.199996
0.04583333333333334, -6.099996
0.05500000000000001, -5.999996
0.06416666666666668, -5.8999963
0.07333333333333335, -5.7999964
0.08250000000000002, -5.6999965
0.09166666666666669, -5.5999966
0.10083333333333336, -5.4999967
0.11000000000000003, -5.3999968
0.1191666666666667, -5.299997
0.12833333333333335, -5.199997
0.1375, -5.099997
0.14666666666666667, -4.999997
0.15583333333333332, -4.899997
0.16499999999999998, -4.7999973
0.17416666666666664, -4.6999974
0.1833333333333333, -4.5999975
0.19249999999999995, -4.4999976
0.2016666666666666, -4.3999977
0.21083333333333326, -4.299998
0.21999999999999992, -4.199998
0.22916666666666657, -4.099998
0.23833333333333323, -3.999998
0.2474999999999999, -3.8999982
0.25666666666666654, -3.7999983
0.2658333333333332, -3.6999984
0.27499999999999986, -3.5999985
0.2841666666666665, -3.4999986
0.29333333333333317, -3.3999987
0.3024999999999998, -3.2999988
0.3116666666666665, -3.1999989
0.32083333333333314, -3.099999
0.3299999999999998, -2.999999
0.33916666666666645, -2.8999991
0.3483333333333331, -2.7999992
0.35749999999999976, -2.6999993
0.3666666666666664, -2.5999994
0.3758333333333331, -2.4999995
0.38499999999999973, -2.3999996
0.3941666666666664, -2.2999997
0.40333333333333304, -2.1999998
0.4124999999999997, -2.1
0.42166666666666636, -1.9999999
0.430833333333333, -1.8999999
0.43999999999999967, -1.7999998
0.4491666666666663, -1.6999998
0.458333333333333, -1.5999998
0.46749999999999964, -1.4999998
0.4766666666666663, -1.3999997
0.48583333333333295, -1.2999997
0.4949999999999996, -1.1999997
0.5041666666666663, -1.0999997
0.513333333333333, -1.1999997
0.5224999999999996, -1.2999997
0.5316666666666663, -1.3999997
0.5408333333333329, -1.4999998
0.5499999999999996, -1.5999998
0.5591666666666663, -1.6999998
0.5683333333333329, -1.7999998
0.5774999999999996, -1.8999999
0.5866666666666662, -1.9999999
0.5958333333333329, -2.1
0.6049999999999995, -2.1999998
0.6141666666666662, -2.2999997
0.6233333333333329, -2.3999996
0.6324999999999995, -2.4999995
0.6416666666666662, -2.5999994
0.6508333333333328, -2.6999993
0.6599999999999995, -2.7999992
0.6691666666666661, -2.8999991
0.6783333333333328, -2.999999
0.6874999999999994, -3.099999
0.6966666666666661, -3.1999989
0.7058333333333328, -3.2999988
0.7149999999999994, -3.3999987
0.7241666666666661, -3.4999986
0.7333333333333327, -3.5999985
0.7424999999999994, -3.6999984
0.751666666666666, -3.7999983
0.7608333333333327, -3.8999982
0.7699999999999994, -3.999998
0.779166666666666, -4.099998
0.7883333333333327, -4.199998
0.7974999999999993, -4.299998
0.806666666666666, -4.3999977
0.8158333333333326, -4.4999976
0.8249999999999993, -4.5999975
0.834166666666666, -4.6999974
0.8433333333333326, -4.7999973
0.8524999999999993, -4.899997
0.8616666666666659, -4.999997
0.8708333333333326, -5.099997
0.8799999999999992, -5.199997
0.8891666666666659, -5.299997
0.8983333333333325, -5.3999968
0.9074999999999992, -5.4999967
0.9166666666666659, -5.5999966
0.9258333333333325, -5.6999965
0.9349999999999992, -5.7999964
0.9441666666666658, -5.8999963
0.9533333333333325, -5.999996
0.9624999999999991, -6.099996
0.9716666666666658, -6.199996
0.9808333333333324, -6.299996
0.9899999999999991, -6.399996
0.9991666666666658, -6.4999957
1.0083333333333324, -6.5999956
0.009166666666666667, -6.6999955
0.018333333333333333, -6.5999956
0.0275, -6.4999957
0.03666666666666667, -6.399996
0.04583333333333334, -6.299996
0.05500000000000001, -6.199996
0.06416666666666668, -6.099996
0.07333333333333335, -5.999996
0.08250000000000002, -5.8999963
0.09166666666666669, -5.7999964
0.10083333333333336, -5.6999965
0.11000000000000003, -5.5999966
0.1191666666666667, -5.4999967
0.12833333333333335, -5.3999968
0.1375, -5.299997
0.14666666666666667, -5.199997
0.15583333333333332, -5.099997
0.16499999999999998, -4.999997
0.17416666666666664, -4.899997
0.1833333333333333, -4.7999973
0.19249999999999995, -4.6999974
0.2016666666666666, -4.5999975
0.21083333333333326, -4.4999976
0.21999999999999992, -4.3999977
0.22916666666666657, -4.299998
0.23833333333333323, -4.199998
0.2474999999999999, -4.099998
0.25666666666666654, -3.999998
0.2658333333333332, -3.8999982
0.27499999999999986, -3.7999983
0.2841666666666665, -3.6999984
0.29333333333333317, -3.5999985
0.3024999999999998, -3.4999986
0.3116666666666665, -3.3999987
0.32083333333333314, -3.2999988
0.3299999999999998, -3.1999989
0.33916666666666645, -3.099999
0.3483333333333331, -2.999999
0.35749999999999976, -2.8999991
0.3666666666666664, -2.7999992
0.3758333333333331, -2.6999993
0.38499999999999973, -2.5999994
0.3941666666666664, -2.4999995
0.40333333333333304, -2.3999996
0.4124999999999997, -2.2999997
0.42166666666666636, -2.1999998
0.430833333333333, -2.1
0.43999999999999967, -1.9999999
0.4491666666666663, -1.8999999
0.458333333333333, -1.7999998
0.46749999999999964, -1.6999998
0.4766666666666663, -1.5999998
0.48583333333333295, -1.4999998
0.4949999999999996, -1.3999997
0.5041666666666663, -1.2999997
0.513333333333333, -1.3999997
0.5224999999999996, -1.4999998
0.5316666666666663, -1.5999998
0.5408333333333329, -1.6999998
0.5499999999999996, -1.7999998
0.5591666666666663, -1.8999999
0.5683333333333329, -1.9999999
0.5774999999999996, -2.1
0.5866666666666662, -2.1999998
0.5958333333333329, -2.2999997
0.6049999999999995, -2.3999996
0.6141666666666662, -2.4999995
0.6233333333333329, -2.5999994
0.6324999999999995, -2.6999993
0.6416666666666662, -2.7999992
0.6508333333333328, -2.8999991
0.6599999999999995, -2.999999
0.6691666666666661, -3.099999
0.6783333333333328, -3.1999989
0.6874999999999994, -3.2999988
0.6966666666666661, -3.3999987
0.7058333333333328, -3.4999986
0.7149999999999994, -3.5999985
0.7241666666666661, -3.6999984
0.7333333333333327, -3.7999983
0.7424999999999994, -3.8999982
0.751666666666666, -3.999998
0.7608333333333327, -4.099998
0.7699999999999994, -4.199998
0.779166666666666, -4.299998
0.7883333333333327, -4.3999977
0.7974999999999993, -4.4999976
0.806666666666666, -4.5999975
0.8158333333333326, -4.6999974
0.8249999999999993, -4.7999973
0.834166666666666, -4.899997
0.8433333333333326, -4.999997
0.8524999999999993, -5.099997
0.8616666666666659, -5.199997
0.8708333333333326, -5.299997
0.8799999999999992, -5.3999968
0.8891666666666659, -5.4999967
0.8983333333333325, -5.5999966
0.9074999999999992, -5.6999965
0.9166666666666659, -5.7999964
0.9258333333333325, -5.8999963
0.9349999999999992, -5.999996
0.9441666666666658, -6.099996
0.9533333333333325, -6.199996
0.9624999999999991, -6.299996
0.9716666666666658, -6.399996
0.9808333333333324, -6.4999957
0.9899999999999991, -6.5999956
0.9991666666666658, -6.6999955
1.0083333333333324, -6.7999954
0.009166666666666667, -6.8999953
0.018333333333333333, -6.7999954
0.0275, -6.6999955
0.03666666666666667, -6.5999956
0.04583333333333334, -6.4999957
0.05500000000000001, -6.399996
0.06416666666666668, -6.299996
0.07333333333333335, -6.199996
0.08250000000000002, -6.099996
0.09166666666666669, -5.999996
0.10083333333333336, -5.8999963
0.11000000000000003, -5.7999964
0.1191666666666667, -5.6999965
0.12833333333333335, -5.5999966
0.1375, -5.4999967
0.14666666666666667, -5.3999968
0.15583333333333332, -5.299997
0.16499999999999998, -5.199997
0.17416666666666664, -5.099997
0.1833333333333333, -4.999997
0.19249999999999995, -4.899997
0.2016666666666666, -4.7999973
0.21083333333333326, -4.6999974
0.21999999999999992, -4.5999975
0.22916666666666657, -4.4999976
0.23833333333333323, -4.3999977
0.2474999999999999, -4.299998
0.25666666666666654, -4.199998
0.2658333333333332, -4.099998
0.27499999999999986, -3.999998
0.2841666666666665, -3.8999982
0.29333333333333317, -3.7999983
0.3024999999999998, -3.6999984
0.3116666666666665, -3.5999985
0.32083333333333314, -3.4999986
0.3299999999999998, -3.3999987
0.33916666666666645, -3.2999988
0.3483333333333331, -3.1999989
0.35749999999999976, -3.099999
0.3666666666666664, -2.999999
0.3758333333333331, -2.8999991
0.38499999999999973, -2.7999992
0.3941666666666664, -2.6999993
0.40333333333333304, -2.5999994
0.4124999999999997, -2.4999995
0.42166666666666636, -2.3999996
0.430833333333333, -2.2999997
0.43999999999999967, -2.1999998
0.4491666666666663, -2.1
0.458333333333333, -1.9999999
0.46749999999999964, -1.8999999
0.4766666666666663, -1.7999998
0.48583333333333295, -1.6999998
0.4949999999999996, -1.5999998
0.5041666666666663, -1.4999998
0.513333333333333, -1.5999998
0.5224999999999996, -1.6999998
0.5316666666666663, -1.7999998
0.5408333333333329, -1.8999999
0.5499999999999996, -1.9999999
0.5591666666666663, -2.1
0.5683333333333329, -2.1999998
0.5774999999999996, -2.2999997
0.5866666666666662, -2.3999996
0.5958333333333329, -2.4999995
0.6049999999999995, -2.5999994
0.6141666666666662, -2.6999993
0.6233333333333329, -2.7999992
0.6324999999999995, -2.8999991
0.6416666666666662, -2.999999
0.6508333333333328, -3.099999
0.6599999999999995, -3.1999989
0.6691666666666661, -3.2999988
0.6783333333333328, -3.3999987
0.6874999999999994, -3.4999986
0.6966666666666661, -3.5999985
0.7058333333333328, -3.6999984
0.7149999999999994, -3.7999983
0.7241666666666661, -3.8999982
0.7333333333333327, -3.999998
0.7424999999999994, -4.099998
0.751666666666666, -4.199998
0.7608333333333327, -4.299998
0.7699999999999994, -4.3999977
0.779166666666666, -4.4999976
0.7883333333333327, -4.5999975
0.7974999999999993, -4.6999974
0.806666666666666, -4.7999973
0.8158333333333326, -4.899997
0.8249999999999993, -4.999997
0.834166666666666, -5.099997
0.8433333333333326, -5.199997
0.8524999999999993, -5.299997
0.8616666666666659, -5.3999968
0.8708333333333326, -5.4999967
0.8799999999999992, -5.5999966
0.8891666666666659, -5.6999965
0.8983333333333325, -5.7999964
0.9074999999999992, -5.8999963
0.9166666666666659, -5.999996
0.9258333333333325, -6.099996
0.9349999999999992, -6.199996
0.9441666666666658, -6.299996
0.9533333333333325, -6.399996
0.9624999999999991, -6.4999957
0.9716666666666658, -6.5999956
0.9808333333333324, -6.6999955
0.9899999999999991, -6.7999954
0.9991666666666658, -6.8999953
1.0083333333333324, -6.999995
0.009166666666666667, -7.099995
0.018333333333333333, -6.999995
0.0275, -6.8999953
0.03666666666666667, -6.7999954
0.04583333333333334, -6.6999955
0.05500000000000001, -6.5999956
0.06416666666666668, -6.4999957
0.07333333333333335, -6.399996
0.08250000000000002, -6.299996
0.09166666666666669, -6.199996
0.10083333333333336, -6.099996
0.11000000000000003, -5.999996
0.1191666666666667, -5.8999963
0.12833333333333335, -5.7999964
0.1375, -5.6999965
0.14666666666666667, -5.5999966
0.15583333333333332, -5.4999967
0.16499999999999998, -5.3999968
0.17416666666666664, -5.299997
0.1833333333333333, -5.199997
0.19249999999999995, -5.099997
0.2016666666666666, -4.999997
0.21083333333333326, -4.899997
0.21999999999999992, -4.7999973
0.22916666666666657, -4.6999974
0.23833333333333323, -4.5999975
0.2474999999999999, -4.4999976
0.25666666666666654, -4.3999977
0.2658333333333332, -4.299998
0.27499999999999986, -4.199998
0.2841666666666665, -4.099998
0.29333333333333317, -3.999998
0.3024999999999998, -3.8999982
0.3116666666666665, -3.7999983
0.32083333333333314, -3.6999984
0.3299999999999998, -3.5999985
0.33916666666666645, -3.4999986
0.3483333333333331, -3.3999987
0.35749999999999976, -3.2999988
0.3666666666666664, -3.1999989
0.3758333333333331, -3.099999
0.38499999999999973, -2.999999
0.3941666666666664, -2.8999991
0.40333333333333304, -2.7999992
0.4124999999999997, -2.6999993
0.42166666666666636, -2.5999994
0.430833333333333, -2.4999995
0.43999999999999967, -2.3999996
0.4491666666666663, -2.2999997
0.458333333333333, -2.1999998
0.46749999999999964, -2.1
0.4766666666666663, -1.9999999
0.48583333333333295, -1.8999999
0.4949999999999996, -1.7999998
0.5041666666666663, -1.6999998
0.513333333333333, -1.7999998
0.5224999999999996, -1.8999999
0.5316666666666663, -1.9999999
0.5408333333333329, -2.1
0.5499999999999996, -2.1999998
0.5591666666666663, -2.2999997
0.5683333333333329, -2.3999996
0.5774999999999996, -2.4999995
0.5866666666666662, -2.5999994
0.5958333333333329, -2.6999993
0.6049999999999995, -2.7999992
0.6141666666666662, -2.8999991
0.6233333333333329, -2.999999
0.6324999999999995, -3.099999
0.6416666666666662, -3.1999989
0.6508333333333328, -3.2999988
0.6599999999999995, -3.3999987
0.6691666666666661, -3.4999986
0.6783333333333328, -3.5999985
0.6874999999999994, -3.6999984
0.6966666666666661, -3.7999983
0.7058333333333328, -3.8999982
0.7149999999999994, -3.999998
0.7241666666666661, -4.099998
0.7333333333333327, -4.199998
0.7424999999999994, -4.299998
0.751666666666666, -4.3999977
0.7608333333333327, -4.4999976
0.7699999999999994, -4.5999975
0.779166666666666, -4.6999974
0.7883333333333327, -4.7999973
0.7974999999999993, -4.899997
0.806666666666666, -4.999997
0.8158333333333326, -5.099997
0.8249999999999993, -5.199997
0.834166666666666, -5.299997
0.8433333333333326, -5.3999968
0.8524999999999993, -5.4999967
0.8616666666666659, -5.5999966
0.8708333333333326, -5.6999965
0.8799999999999992, -5.7999964
0.8891666666666659, -5.8999963
0.8983333333333325, -5.999996
0.9074999999999992, -6.099996
0.9166666666666659, -6.199996
0.9258333333333325, -6.299996
0.9349999999999992, -6.399996
0.9441666666666658, -6.4999957
0.9533333333333325, -6.5999956
0.9624999999999991, -6.6999955
0.9716666666666658, -6.7999954
0.9808333333333324, -6.8999953
0.9899999999999991, -6.999995
0.9991666666666658, -7.099995
1.0083333333333324, -7.199995
0.009166666666666667, -7.299995
0.018333333333333333, -7.199995
0.0275, -7.099995
0.03666666666666667, -6.999995
0.04583333333333334, -6.8999953
0.05500000000000001, -6.7999954
0.06416666666666668, -6.6999955
0.07333333333333335, -6.5999956
0.08250000000000002, -6.4999957
0.09166666666666669, -6.399996
0.10083333333333336, -6.299996
0.11000000000000003, -6.199996
0.1191666666666667, -6.099996
0.12833333333333335, -5.999996
0.1375, -5.8999963
0.14666666666666667, -5.7999964
0.15583333333333332, -5.6999965
0.16499999999999998, -5.5999966
0.17416666666666664, -5.4999967
0.1833333333333333, -5.3999968
0.19249999999999995, -5.299997
0.2016666666666666, -5.199997
0.21083333333333326, -5.099997
0.21999999999999992, -4.999997
0.22916666666666657, -4.899997
0.23833333333333323, -4.7999973
